No.,Character,Unicode,Set,Challenge note,TW/Hakka code,IICore TW,IICore HK,Table A,Table B,Small dict,Revised,County/city name,Road name,Surname flag,Examinee,City,JIS,Font count,Category,Notes
5132,氈,06C08,Big5-1,TW / Hakka,A,A,,V,V,V,,,,,,2,,13,Common word,羊毛氈 (wool felt)
5839,槲,069F2,Big5-2,,C,,,V,,V,,,,,,2,,11,Flora & fauna,槲寄生 (mistletoe)
5412,傚,0509A,Big5-1,,A,A,,V,,V,,,,1,,2,,12,Common word,仿傚 (imitate / emulate)
5961,蟳,087F3,Big5-2,TW,C,,,V,,V,,,,,,,,11,,紅蟳 (red crab; coastal TW usage)
5516,欉,06B09,Big5-2,TW / Hakka,C,,,,,,,,403,28,,,,12,,一欉 (one plant/clump; Taiwanese 欉 ≈ 叢)
5919,粼,07CBC,Big5-2,,B,B,,V,,V,,,,1,,3,,11,,波光粼粼 (shimmering ripples of light on water)
3210,粘,07C98,Big5-2,,A,A,,V,V,V,,3,9916,598,,1,常,14,Uncategorized,粘液；粘土 (mucus / sticky fluid; clay) — often 黏 in TW
5951,蓍,084CD,Big5-2,,,A,,V,,V,,,,,,2,,11,,蓍草 (yarrow; used in classical divination)
5233,縞,07E1E,Big5-1,,A,A,,V,,V,,,,,,1,人,13,Occasionally used,縞布 (plain white silk cloth)
6199,沍,06C8D,Big5-1,,A,,,V,,V,,,,1,,2,,10,,凍沍 (frozen solid; classical)
5186,瓤,7.40E+05,Big5-1,TW / Hakka,A,,,V,,V,,,,,,,,13,Food,西瓜瓤 (watermelon flesh)
5858,汛,06C5B,Big5-1,,A,A,,V,,V,,,,21,,4,,11,Common word,汛期 (flood season)
5044,嚓,5693,Big5-2,TW,B,B,,V,,,,,,,,,,13,Common word,喀嚓 (crack / snap (onomatopoeia))
660,喙,5599,Big5-1,TW,A,A,,V,V,V,,,,,,2,,14,Uncategorized,鳥喙；毋庸置喙 (bird’s beak; “no need to chime in”)
6212,澇,06F87,Big5-2,,B,B,,V,,V,,,,,,,,10,,防旱防澇、旱澇不均 (drought & flood control; uneven wet/dry)
5544,玆,7386,Big5-1,,A,A,,V,,,,,,2,20,,,12,Variant form,茲 (this / now)
6974,袓,8893,Big5-2,HK / Hakka note,B,,,,,,,1,1,7,,,,8,,多用於人名 (mainly in personal names; rare in compounds)
6256,磡,7.80E+02,Big5-2,HK / Hakka note,B,B,,,,,,,,,,4,,10,,石磡 (stone ledge / embankment steps; esp. HK/Cantonese)
5717,儆,5106,Big5-2,HK / Hakka note,A,A,,V,,V,,,,2,,3,,11,Common word,殺雞儆猴 (kill the chicken to scare the monkey)
5216,篦,07BE6,Big5-1,TW / Hakka,A,,,V,,V,,,,,,2,,13,Common word,篦子 (fine-toothed comb)
6284,繖,7.00E+56,Big5-2,,,,,V,,V,,,,,,2,,10,,繖蓋 (canopy / parasol; variant of 傘)
5164,煨,7168,Big5-1,TW / Hakka,A,A,,V,,V,,,,,,3,,13,Food,煨麵 (simmered noodles)
5173,玥,073A5,Big5-1,,A,A,,,,V,,,,437,,4,,13,Surname / personal name,多用於人名 (mythic pearl; very common in personal names)
1907,暱,066B1,Big5-1,TW / Hakka,A,A,,V,V,V,,,,1,,4,,14,Uncategorized,暱稱；親暱 (nickname; intimate / affectionate)
5185,瓔,074D4,Big5-1,,A,A,,V,,V,,,,81,,2,,13,Surname / personal name,楊瓊瓔 (personal name (楊瓊瓔))
5141,洸,06D38,Big5-1,,A,A,,V,,V,,,,94,,2,人,13,Surname / personal name,核能教授葉宗洸 (nuclear scholar Yeh Tsung-kuang)
6527,桉,6849,Big5-2,,B,,,V,,V,,,,5,,4,,9,,桉樹 (eucalyptus)
5706,佶,04F76,Big5-2,,A,A,,V,,V,,,,139,,2,,11,Common in naming,佶屈聱牙 (tortuous wording; hard to read aloud)
5363,閹,095B9,Big5-2,TW / Hakka,B,B,,V,,V,,,,,,2,,13,Common word,閹割 (castrate)
6013,闍,095CD,Big5-2,,,,,V,,V,,,,,,2,,11,,阿闍梨 (ācārya — Buddhist teacher)
6634,蓽,084FD,Big5-2,,C,,,V,,V,,,,,,4,,9,,蓽路藍樓、蓬蓽生輝 (hardship of pioneering; humble home shines with a guest)
5176,珞,073DE,Big5-1,TW / Hakka,A,A,,V,,V,,,3,85,1,2,,13,Surname / personal name,瓔珞 (jeweled necklace / adornment)
6432,劓,5293,Big5-1,,A,,,V,,V,,,,,,3,,9,,劓刑 (ancient punishment: cutting off the nose)
1369,忡,05FE1,Big5-2,,B,B,,V,V,V,,,,,,3,,14,Uncategorized,憂心忡忡 (heavy-hearted with worry)
5487,掮,063AE,Big5-2,TW,B,,,V,,V,,,,,,,,12,Common word,掮客 (broker / middleman)
5915,筧,07B67,Big5-1,TW / Hakka,A,,,V,,V,,4,,3,,2,,11,,竹筧；筧橋 (bamboo aqueduct; also place name Jianqiao)
5054,圻,0573B,Big5-1,,A,A,,V,,V,,,,350,,2,,13,Surname / personal name,Common in personal & company names
5306,讞,08B9E,Big5-2,HK / Hakka note,C,,,V,,V,,,,,,4,,13,Common word,三審定讞 (final conviction after three trials)
5535,熏,0718F,Big5-2,TW,A,A,,V,,V,,,,160,,2,,12,,熏陶；煙熏 (gradual cultivation / influence; smoke-cured)
6549,渟,06E1F,Big5-2,HK / Hakka note,A,A,,V,,V,,,,161,,2,,9,,"淵渟岳峙 (deep as a pool, lofty as a peak — classical praise)"
2903,眈,7708,Big5-2,,A,A,,V,V,V,,,,,,2,,14,Uncategorized,虎視眈眈 (eye covetously like a tiger)
5284,蝣,8763,Big5-2,,,,,V,,V,,,,,,2,,13,Flora & fauna,蜉蝣 (mayfly)
1709,搧,6427,Big5-2,TW / Hakka,C,,,V,V,V,,,,,,,,14,Uncategorized,搧風 (to fan; also “fan the flames” colloquially)
3035,祢,7962,CJK,,,,,,,,,,,,,1,人,14,Uncategorized,父祢 (one’s deceased father — classical; also JP surname spelling)
5368,霰,9730,Big5-1,,A,A,,V,,V,,,,4,,2,,13,Common word,冰霰 (graupel / soft hail)
1315,彝,05F5D,Big5-1,,A,A,V,,,V,,,,71,,2,,14,Uncategorized,彝族；彝器 (Yi people; ritual bronze vessels)
5669,鑊,0944A,Big5-2,HK / Hakka note,B,B,,V,,V,,,,,,3,,12,Common word,鑊氣、大鑊 (wok hei; also Cantonese “big trouble” (大鑊))
800,垓,5793,Big5-1,,A,A,,V,,V,,,,2,,2,,14,Uncategorized,垓下 (Gaixia — site of Xiang Yu’s final battle)
5679,顢,9862,Big5-2,TW,C,,,V,,V,,,,,,,,12,Common word,顢頇 (muddle-headed)
5499,杼,0677C,Big5-1,,A,,,V,V,V,,,,17,,2,,12,,"不聞機杼聲，惟聞女嘆息 (no loom sound, only a girl's sigh (木蘭詩))"
5917,篌,07BCC,Big5-1,,A,,,V,,V,,,,,,2,,11,Classical Chinese,箜篌 (konghou — ancient Chinese harp)
5940,莿,083BF,Big5-2,TW,C,,,V,,V,39,42,,,,3,,11,,"雲林縣莿桐鄉 (Citong Township, Yunlin)"
2479,濰,06FF0,Big5-1,,A,A,,V,,V,,,,95,,3,,14,Uncategorized,"濰坊；濰河 (Weifang; Wei River, Shandong)"
6160,攥,6525,Big5-2,,B,,,,,V,,,,,,,,10,,攥緊；攥拳頭 (clench tightly; make a fist)
2416,滸,06EF8,Big5-2,TW,A,A,,V,V,V,,,,10,,2,,14,Uncategorized,水滸傳 (Water Margin / Outlaws of the Marsh)
5916,篋,07BCB,Big5-2,TW,,,,V,,V,,,,,,2,,11,,傾箱倒篋；書篋 (empty every box — rummage thoroughly; book case)
21,丰,4.00E+30,Big5-1,,A,A,,V,V,V,,,,319,,3,,14,Uncategorized,丰采；丰姿 (graceful bearing / charming appearance)
6981,訇,08A07,Big5-2,,,,,V,,V,,,1,,,,,8,,"Ahong / imam (阿訇, Islam)"
5225,絛,07D5B,Big5-1,,A,,,V,V,V,,,,,,2,,13,Common word,絛蟲 (tapeworm)
6980,襞,0895E,Big5-1,TW,A,,,V,,V,,,,,,2,,8,,皺襞 (folds / rugae — of cloth or tissue)
5280,蜉,8709,Big5-2,,B,,,V,,V,,,,,,2,,13,Flora & fauna,蜉蝣 (mayfly)
818,堃,5803,CJK,Clearer with Taiwanese literacy,B,B,,,,V,,,,382,,,,14,Uncategorized,多用於人名 (variant-related to 坤; common in personal names)
5988,輳,08F33,Big5-1,,A,A,,V,,V,,,,,,2,,11,,輻輳 (converge like spokes to a hub)
5415,儸,5138,Big5-1,,A,,,V,V,V,,,,,,,,12,Common word,僂儸 (bandit / ruffian (連綿詞))
5016,亳,04EB3,Big5-1,,A,,,V,,V,,,,,,2,,13,Historical / geographic,商湯定都於亳縣 (Shang Tang made 亳 his capital)
5211,筮,07B6E,Big5-1,,A,A,,V,,V,,,,2,,2,,13,Common word,卜筮 (divination)
1656,捺,0637A,Big5-1,HK / Hakka note,A,A,,V,V,V,,,,,,1,人,14,Uncategorized,按捺；斜捺 (restrain; the right-falling stroke in calligraphy)
3619,苯,082EF,Big5-1,,A,A,,V,,V,,,,,,,,14,Uncategorized,甲苯；苯環 (toluene; benzene ring — chemistry)
6083,喑,5591,Big5-2,TW,,,,V,,V,,,,,,4,,10,,Suggest moving 「喑」 from local to basic set. 「瘖啞」 also written 「喑啞」; appears in TW/HK/CN frequency lists.
5232,縝,07E1D,Big5-1,,A,A,,V,,V,,,,17,,4,,13,Common word,縝密 (meticulous / dense)
2701,琦,7426,Big5-1,TW,A,A,,V,V,V,,,,3816,,3,,14,Uncategorized,瑰琦；多用於人名 (rare and fine jade; common in names)
2250,沂,06C82,Big5-1,,A,A,,V,,V,,1,,678,,2,,14,Uncategorized,臨沂；沂河 (Linyi; Yi River)
5834,榎,0698E,Big5-2,,A,,,V,,,,,9,2,,1,人,11,Surname / personal name,榎木 (hackberry / Celtis; also JP surname Enoki spelling)
5685,鯡,09BE1,Big5-2,,C,,,,,V,,,,,,2,,12,Flora & fauna,鯡魚罐頭 (canned herring)
1728,摻,0647B,Big5-1,TW / Hakka,A,A,,V,V,V,,,,,,,,14,Uncategorized,摻雜；摻水 (adulterate / mix in; water down)
5111,晁,6641,Big5-1,TW / Hakka,A,A,,V,V,V,,,294,191,,2,,13,Surname / personal name,"晁錯；姓氏 (Chao Cuo, Han statesman; also a surname)"
5275,薏,0858F,Big5-2,TW,A,A,,V,,V,,1,,822,,3,,13,Flora & fauna,薏仁 (job's tears / pearl barley-like grain)
6371,鍼,0937C,Big5-2,TW,,A,,V,,V,,,,7,,2,,10,,鍼灸 (acupuncture and moxibustion; traditional spelling of 針灸)
5986,蹧,8.00E+67,Big5-2,TW,C,,,V,V,V,,,,,,,,11,,蹧蹋 (trample / ruin — variant of 糟蹋)
6241,瑳,7473,Big5-2,,A,A,,V,,V,,,,1,10,1,人,10,World place name,多用於人名 (bright luster of jade; mainly personal names)
7015,鋃,092C3,Big5-2,,C,,,V,,V,,,,1,,,,8,,鋃鐺入獄 (be clapped in irons / thrown in jail)
9757,蹚,08E5A,Big5-2,,B,,,V,,V,,,,,,,,4,,蹚渾水 (wade into muddy water — get involved in a mess)
760,囝,056DD,Big5-1,TW,A,A,,V,,V,,,,,,,,14,Uncategorized,囝仔 (child — Min / Taiwanese)
6157,撾,064BE,Big5-1,,A,A,,V,,V,,,,,,3,,10,,老撾；撾鼓 (Laos; to beat a drum)
6197,氚,06C1A,Big5-2,,,,,V,,V,,,,,,,,10,,氚 (tritium — hydrogen isotope ³H)
5629,訢,08A22,Big5-1,,A,,,V,,V,,,,64,,3,,12,Surname / personal name,Many personal-name uses
5945,菫,083EB,Big5-2,,,A,,V,V,V,,,,6,,2,人,11,,菫菜 (violet / Viola; same family of forms as 堇)
6900,烔,070D4,Big5-2,,B,,,,,,,,,5,,3,,8,,多用於人名 (rare; mainly personal names)
5938,莨,083A8,Big5-2,,B,,,V,,V,,,,41,,2,,11,Common in naming,莨菪；薯莨 (henbane; Dioscorea cirrhosa / yam dye plant)
5655,醯,091AF,Big5-2,,A,A,,V,,V,,,,,,2,,12,Science & engineering,乙醯輔酶a (acetyl-CoA)
6886,殂,06B82,Big5-2,,B,,,V,,V,,,,,,3,,8,,崩殂 (death of an emperor — as in 出師表)
5570,禰,079B0,Big5-2,,,,,V,,V,,,,,1,1,人,12,Common in naming,禰豆子 (Nezuko (Demon Slayer))
6646,裎,088CE,Big5-2,,C,,,V,,V,,,,3,,3,,9,,裸裎 (naked; stripped)
5270,葯,0846F,Big5-2,,A,A,,V,,V,,,,,,2,,13,Variant form,藥 (medicine / drug)
5824,柁,067C1,Big5-2,,,,,V,,V,,,,,,1,,11,Occasionally used,掌柁 (steer / take the helm)
5420,剉,5249,Big5-2,TW,C,,,V,,V,,,,,,3,,12,Common word,剉傷 (abrasion / scrape wound)
5906,禚,0799A,Big5-2,,C,,,V,,V,,,97,7,,,,11,Surname / personal name,禚家餃子 (Zhuo-family dumplings (brand/name))
1855,旻,065FB,Big5-2,,A,A,,V,,V,,,2,4892,,2,,14,Uncategorized,蒼旻；多用於人名 (the sky; common in personal names)
8648,磔,078D4,Big5-2,,,,,V,,V,,,,,,2,,5,,Eight principles of 永; also 磔 punishment
5631,誒,08A92,Big5-2,,,,,V,,V,,,,,,,,12,Common word,Interjection; 欸
5996,銚,0929A,Big5-2,,,,,V,,V,,,,26,10,1,,11,,藥銚；銚子 (small metal pot / kettle for decocting)
1992,柒,067D2,Big5-1,HK / Hakka note,A,A,,V,V,V,,,1,,,4,,14,Uncategorized,"柒（大寫七） (formal numeral “seven,” e.g. on checks)"
5705,伝,04F1D,Big5-2,,,,,,,,,,,,,1,常,11,Variant form,傳 (pass on / biography)
783,坂,5742,CJK,,A,A,,,,V,,4,11,,76,1,常,14,Uncategorized,坡坂；坂本 (slope / hillside; also common in Japanese names)
5168,牀,7240,CJK,,,A,,,,V,,,,,,2,,13,Variant form,Suggest adding 「牀」 (original form of 床). Still seen in traditional-character regions; HK primary learning list includes it.
8599,猞,0731E,Big5-2,,,,,,,V,,,,,,,,5,,猞猁 (lynx)
5242,聒,8052,Big5-1,,A,,,V,V,V,,,,,,2,,13,Common word,聒噪 (noisy / nagging)
3219,粿,07CBF,Big5-2,TW,C,,,V,V,V,,,,,,4,,14,Uncategorized,草仔粿；發粿 (Taiwanese rice cakes / savory kueh)
3716,蓁,084C1,Big5-2,TW,B,,,V,,V,,6,,3673,,2,,14,Uncategorized,其葉蓁蓁；多用於人名 (lush foliage — 詩經; common in names)
589,咿,054BF,Big5-1,,A,,,V,,V,,,,1,,4,,14,Uncategorized,咿呀 (babbling / creaking onomatopoeia)
5560,眛,0771B,Big5-2,,C,,,V,,V,,,,,,2,,12,,眛: dim-sighted. Different from 昧
5152,潟,06F5F,Big5-1,,A,A,,V,,V,,,,,78,1,常,13,Geography / society,潟湖 (lagoon)
5399,亓,4.00E+93,Big5-2,,B,,,V,,V,,,239,15,,,,12,Surname / personal name,Rare surname
5658,釭,091ED,Big5-1,,A,,,V,,V,,,,2,,3,,12,Common in naming,多用於人名；燈釭 (classical lamp/bowl metalwork; mostly names today)
5047,囧,5.60E+08,Big5-2,,,,,V,,V,,,,1,,,,13,Internet slang,Same as / related: 同冏
5015,亢,04EA2,Big5-1,TW / Hakka,A,A,,V,V,V,,,84,25,,2,,13,Common word,高亢 (high-pitched / impassioned)
5485,拊,062CA,Big5-2,TW,,,,V,,V,,,,,,2,,12,,拊掌 (clap one’s hands)
6264,秭,079ED,Big5-2,,B,,,V,,V,,,,11,,3,,10,,中國數字 (Chinese numerals)
5347,鋐,092D0,Big5-2,,C,,,V,,V,,,,185,,4,,13,Surname / personal name,Common in company / shop names
5866,淖,06DD6,Big5-2,,A,,,V,,V,,,,,,3,,11,Classical Chinese,泥淖 (mire / bog — also figurative mess)
6104,埵,057F5,Big5-2,,,,,V,,V,,,,,,3,,10,,Heart Sutra: 菩提薩埵
5639,蹕,8.00E+55,Big5-1,,A,,,V,,V,,,,4,,2,,12,China place name,Often in Chinese class texts (royal travel traffic control)
6078,啐,5550,Big5-2,HK / Hakka note,B,,,V,,V,,,,,,3,,10,,啐一口 (spit at / spit out a mouthful)
7239,櫫,06AEB,Big5-2,,C,,,V,,V,,,,,,,,7,,揭櫫 (set forth / proclaim)
1095,寰,05BF0,Big5-1,,A,A,,V,V,V,,,1,553,,2,,14,Uncategorized,人寰；寰宇 (the human world; the whole universe)
6679,釙,091D9,Big5-1,,A,,,V,,V,,,,1,,,,9,,釙 (polonium — chemical element Po)
5079,幃,5.00E+43,Big5-1,,A,,,V,,V,,,,199,,2,,13,Surname / personal name,Common in personal & company names
5628,触,8.90E+07,Big5-2,,,,,,,,,,,,,1,常,12,Variant form,觸 (touch / contact / trigger)
5017,优,04F18,Big5-2,,A,,,V,,V,,,2,,,,,13,Variant form,優 (excellent / actor)
6565,珽,073FD,Big5-2,,A,A,,V,,V,,,,165,,,,9,,玉珽；多用於人名 (jade scepter tablet; also in names)
2387,湳,6.00E+73,Big5-2,TW,A,A,,V,,,,37,,11,1,,,14,Uncategorized,湳地；地名常用 (marshy land; common in Taiwan place names)
5214,箸,07BB8,Big5-1,TW / Hakka,A,A,,V,,V,,,,,,1,常,13,Common word,筷子 (chopsticks)
5850,殄,06B84,Big5-2,,A,A,,V,,V,,,,,,2,,11,Common word,暴殄天物 (waste natural resources recklessly)
6522,暌,0668C,Big5-2,,C,,,V,,V,,,,2,,,,9,,暌違 = 睽違 (long separation (暌違 = 睽違))
6346,軏,08ECF,Big5-1,,A,,,V,,V,,,,3,,,,10,,小車無軏 (crossbar pin of a small carriage — 論語 allusion)
1642,捍,0634D,Big5-1,HK / Hakka note,A,A,,V,,V,,,,1,,2,,14,Uncategorized,捍衛 (defend / safeguard)
8039,酹,9179,Big5-2,,,,,V,,V,,,,,,4,,6,,Nian Nu Jiao: 「人間如夢，一尊還酹江月。」
1285,廸,05EF8,CJK,,,,,,,V,,4,3,48,,2,,14,Uncategorized,啓廸 (enlighten / inspire — variant spelling of 迪)
2765,甯,0752F,Big5-2,,B,,,V,,V,,,990,784,,3,,14,Uncategorized,姓氏；與「寧」通用於名 (surname Ning; often interchangeable with 寧 in names)
1162,峯,05CEF,CJK,,A,A,,,,V,,25,1,813,1,1,人,14,Uncategorized,山峯；高峯 (mountain peak — variant of 峰)
3629,茜,0831C,Big5-2,,A,A,,V,,V,,,1,1423,,1,人,14,Uncategorized,茜草；茜色 (madder plant; deep reddish color; also names)
5018,佚,04F5A,Big5-1,,A,A,,V,V,V,,,,12,,2,,13,Common word,佚名 (anonymous)
4901,鯖,09BD6,Big5-1,,A,A,,V,,V,,,,,1,1,,14,Uncategorized,鯖魚 (mackerel)
5350,錙,9319,Big5-1,,A,,,V,,V,,,,,,2,,13,Common word,錙銖必較 (haggle over every last bit)
7377,蠆,8806,Big5-2,,,,,V,,V,,,,,,3,,7,,水蠆 (dragonfly nymph)
5753,囹,056F9,Big5-2,HK / Hakka note,A,A,,V,,V,,,,,,2,,11,Common word,身陷囹圄 (thrown into prison)
5134,氪,06C2A,Big5-2,,B,B,,V,,V,,,,,,,,13,Internet slang,氪金玩家 (whale / paying gamer (氪金))
5480,恁,6041,Big5-2,TW / Hakka,A,A,,V,,V,,,,11,,2,,12,Taiwanese (Hokkien),Commonly used
5715,僎,050CE,Big5-1,,A,,,V,,V,,,,,,4,,11,Classical Chinese,典禮用字（古） (classical ritual attendant title; rare today)
5934,臠,8.10E+01,Big5-2,,C,,,V,,V,,,,,,2,,11,Occasionally used,禁臠 (exclusive preserve — “untouchable” favorite domain)
2319,涅,06D85,Big5-1,,A,A,,V,,V,,,,,459,2,,14,Uncategorized,涅槃 (nirvana)
7030,陘,9658,Big5-1,,A,,,V,,V,,,,,,3,,8,,井陘 (Jingxing — pass / historic battlefield)
614,唇,5507,Big5-1,TW,A,A,,V,,V,,,,,,1,常,14,Uncategorized,嘴唇；唇膏 (lips; lipstick)
5195,盅,076C5,Big5-1,HK / Hakka note,A,A,,V,,V,,,,,,3,,13,Common word,茶盅 (tea cup / small tea bowl)
5395,鹵,9.00E+75,Big5-1,HK / Hakka note,A,A,,V,,V,,,,,,2,,13,Common word,Radical; also halogen-related
5615,蕁,8541,Big5-2,,A,A,,V,,V,,,,,,2,,12,Common word,蕁麻疹 (urticaria / hives)
6247,痧,7.50E+08,Big5-2,TW / Hakka,B,,,V,,V,,,,,,4,,10,,刮痧 (gua sha / scraping therapy)
5995,銃,9283,Big5-2,TW / Hakka,A,A,,V,V,V,,,,,,1,常,11,,火銃；鳥銃 (firearm / blunderbuss; fowling piece)
5020,倢,5022,Big5-2,,C,,,V,,V,,,,438,,4,,13,Surname / personal name,Common in personal names
2318,涂,06D82,Big5-2,TW,A,A,,V,V,V,,,27498,1682,,3,,14,Uncategorized,姓氏「涂」 (surname Tu; distinct from 塗 in names)
5131,殭,06BAD,Big5-2,TW,B,B,,V,,V,,,,,,3,,13,Common word,殭屍 (jiangshi / zombie)
5751,囗,056D7,Big5-2,,,,,V,,V,,,,,,2,,11,Radical,「囗」部首／圍字框 (Kangxi radical 31 “enclosure”)
6610,繻,07E7B,Big5-2,,B,,,V,,V,,,,43,,2,,9,,羅繻 (fine thin silk — classical)
7184,怍,0600D,Big5-2,,,,,V,,V,,,,,,3,,7,,Suggest adding 「怍」 to the basic set; words like 「愧怍」「慚怍」. Appears in corpus / frequency lists.
5062,婭,05A6D,Big5-2,,B,B,,V,,V,,,2,8,,3,,13,Common word,Common in translated terms
5635,譟,08B5F,Big5-1,,A,,,V,,V,,,,,,2,,12,Common word,鼓譟 (clamor / raise a din)
5376,驍,09A4D,Big5-1,TW,A,A,,V,V,V,,,,7,,2,人,13,Common word,驍勇善戰 (valiant and skilled in battle)
5726,勰,052F0,Big5-1,,A,,,V,,V,,1,,8,,3,,11,Surname / personal name,"劉勰；多用於人名 (Liu Xie, author of 文心雕龍; also names)"
5924,紺,07D3A,Big5-2,TW,A,A,,V,,V,,,,,,1,常,11,,紺色 (dark bluish purple / dark indigo)
6028,魩,09B69,CJK,TW,,,,,,,,,,,,,,11,,魩仔魚 (whitebait / larval anchovy — Taiwan seafood)
5165,熒,7192,Big5-1,,A,A,,V,,V,,,,279,,3,,13,Uncategorized,Mostly classical; today often a pseudo-traditional form of 螢?
5792,帙,5.00E+19,Big5-2,TW,,A,,V,,V,,,,3,,2,,11,Classical Chinese,篇帙 (volumes / fascicles of books)
6364,鈇,9207,Big5-1,,A,,,V,,V,,,,3,,3,,10,,鈇鉞 (axe and battle-axe — classical weapons of authority)
6804,坔,5754,CJK,Clearer with Taiwanese literacy,C,,,,,,,3,,,,,,8,,Tainan / Hualien place names
8598,猁,7301,Big5-2,,,,,,,V,,,,,,,,5,,猞猁 (lynx)
7344,聵,8075,Big5-2,,C,,,V,,V,,,,,,4,,7,,振聾發聵 (rouse the deaf and blind — awaken people)
6293,膂,8182,Big5-1,,A,,,V,,V,,,,,,2,,10,,膂力 (physical strength / back strength)
7200,扞,0625E,Big5-2,TW,C,,,V,,V,,,,1,,2,,7,,扞格不入 (incompatible / at odds)
5781,孥,05B65,Big5-2,,,,,V,,V,,,,,,2,,11,Classical Chinese,妻孥 (wife and children)
2551,煲,7172,Big5-2,HK / Hakka note,B,B,,V,V,V,,,,,,,,14,Uncategorized,煲湯；煲電話粥 (cook soup in a clay pot; long phone chat — Cantonese)
5120,桎,0684E,Big5-2,,A,A,,V,,V,,,,9,,2,,13,Binome / fixed compound,桎梏 (shackles / fetters)
6228,熵,071B5,Big5-2,,,,,,,,,,,1,,,,10,,熵 (entropy — thermodynamics / information theory)
2728,璇,7487,Big5-2,TW,A,A,,V,,V,,,,5461,,3,,14,Uncategorized,璇璣；多用於人名 (armillary / celestial instrument; common in names)
6320,蠖,8816,Big5-2,,C,,,V,,V,,,,,,2,,10,,尺蠖 (inchworm / looper caterpillar)
2811,痍,075CD,Big5-1,,A,A,,V,,V,,,,,,2,,14,Uncategorized,瘡痍；滿目瘡痍 (wounds / devastation; “ravaged everywhere”)
6123,峋,05CCB,Big5-2,,B,,,V,,V,,,,20,,3,,10,,嶙峋 (gaunt / jagged — of rocks or a thin frame)
5928,羆,07F86,Big5-2,,,,,V,,V,,,,,,2,,11,China place name,熊羆嶺 (Xiongpi Ridge / place with 羆)
5299,諶,08AF6,Big5-1,,A,A,,V,,V,,,1378,119,,3,,13,Surname / personal name,Common as surname & in company names
5813,擯,064EF,Big5-2,,,,,V,,V,,,,,,2,,11,,擯棄 (reject / cast aside)
5864,浥,06D65,Big5-1,,A,A,,V,,V,,,,58,,3,,11,Common in naming,渭城朝雨浥輕塵 (moisten — from Wang Wei’s farewell poem)
5446,嘓,5613,Big5-2,TW,C,,,V,,V,,,,,,,,12,Onomatopoeia,Frog (etc.) sound
5058,墩,058A9,Big5-1,TW / Hakka,A,A,,V,V,V,,51,,28,,3,,13,Common word,橋墩 (bridge pier)
4492,銹,092B9,Big5-2,Clearer with Hakka literacy,A,A,,,,V,,,,20,,2,,14,Uncategorized,生銹；鐵銹 (rust)
5210,窿,07ABF,Big5-1,HK / Hakka note,A,A,,V,V,V,,,,,,2,,13,Common word,窟窿 (hole / loophole)
6395,鯷,09BF7,Big5-2,,C,,,V,,V,,,,,,4,,10,,鯷魚 (anchovy)
5868,湣,6.00E+63,Big5-1,,A,,,V,,V,,,,10,,4,,11,Historical / geographic,齊湣王 (King Min of Qi)
3709,蒨,084A8,Big5-2,,B,B,,V,,V,,,,1017,,,,14,Uncategorized,多用於人名；蒨萃 (common in names; lush/pretty literary)
6000,銫,092AB,Big5-2,,C,,,V,,V,,,,,,4,,11,,"銫 (cesium, Cs)"
6518,敔,6554,Big5-1,,A,,,V,,V,,,,14,,4,,9,,柷敔 (classical percussion markers in court music)
5466,尻,05C3B,Big5-2,TW,,A,,V,,V,,,,1,5,1,常,12,Common word,屁屁 (butt (childish))
5059,壼,058FC,Big5-2,HK / Hakka note,C,,,V,V,V,,,,,,2,,13,Uncategorized,Originally a palace passageway; now a common misspelling of 壺
5946,萣,8423,Big5-2,TW,C,,,V,,,62,63,,1,,,,11,,"高雄市茄萣區 (Qieding District, Kaohsiung)"
5085,徠,05FA0,Big5-1,,A,A,,V,,V,,,,,,2,人,13,Common word,徠卡相機 (Leica camera)
8771,芘,8298,Big5-2,,,,,V,,V,,,,,,,,5,,C16H10; also shop names
577,咧,054A7,Big5-1,TW / Hakka,A,A,,V,,V,,,,,,,,14,Uncategorized,咧嘴；咧咧 (grin / blabber)
6818,嬬,05B2C,Big5-2,,A,,,,,V,,,,85,,1,,8,,嬬婦？稀；多見於日語地名人名 (rare in modern ZH; JP names/places)
5180,琨,7428,Big5-1,,A,A,,V,,V,,,1,345,,3,,13,Surname / personal name,琪琨；多用於人名 (fine jade; common in names)
5810,摶,6476,Big5-2,,C,,,V,,V,,,,,,2,,11,,摶扶搖；摶沙 (soar spiraling — Zhuangzi; knead)
6618,肽,080BD,CJK,,,,,,,V,,,,,,,,9,,Peptide (胜肽)
5228,綣,07DA3,Big5-2,,C,,,V,,V,,,,1,,2,,13,Common word,繾綣 (deep attachment / lingering affection)
2847,癟,0765F,Big5-1,,A,,,V,V,V,,,,,,,,14,Uncategorized,癟三；癟掉 (wretched bum — Shanghainese; deflated)
5769,夬,0592C,Big5-2,,,B,,V,,V,,,,,,2,,11,Common in naming,夬卦；多用於名 (I Ching hexagram Guai; also names)
6707,髫,09AEB,Big5-2,,,,,V,,V,,,,,,2,,9,,"髫稚(幼童;幼稚);髫草(指小兒,幼童);髫兒(幼童,小孩);髫歲(幼年,童年);髫發(小兒垂發。引申為童年之稱);髫齒 (childhood-related compounds with 髫 (young child’s hanging hair))"
5204,祛,0795B,Big5-2,HK / Hakka note,A,A,,V,,V,,,,,,4,,13,Common word,祛痰、祛災、祛邪 (dispel phlegm / disaster / evil)
8577,溚,06E9A,CJK,HK / Hakka note,,,,,,V,,,,,,,,5,,音譯用字；地名偶見 (mostly transliteration / place)
11880,坋,0574B,Big5-2,,,,,,,,,,,,,,,2,,塵坋 (dust — classical/rare)
7271,猻,0733B,Big5-2,,C,,,V,,V,,,,,,,,7,,"樹倒猢猻散 (when the tree falls, the monkeys scatter)"
5737,啅,5545,Big5-2,,,,,V,,V,,,,,,2,,11,Cantonese,啅噪 (twitter / chatter — literary)
961,姵,059F5,Big5-2,,C,,,,,,,,,2155,,,,14,Uncategorized,多用於人名 (mainly personal names)
5356,鎚,0939A,Big5-1,,A,A,,V,V,V,,,,,10,1,,13,Common word,鐵鎚 (hammer)
5821,极,6781,Big5-2,,,,,,,,,,,,,3,,11,Simplified form,北極 (North Pole / arctic)
5767,壎,058CE,Big5-1,,A,A,,V,,V,,,,47,,3,,11,Surname / personal name,壎篪 (xun ocarina paired with chi flute — harmony metaphor)
5775,媗,05A97,Big5-2,,C,,,,,,,,,76,,,,11,Surname / personal name,多用於人名 (mainly personal names)
9566,癭,0766D,Big5-2,,,,,V,,V,,,,,,3,,4,,蟲癭 (insect gall)
5304,謾,08B3E,Big5-2,,B,B,,V,,V,,,,,,2,,13,Common word,謾罵 (vilify / hurl abuse)
6727,鶸,09DB8,Big5-1,,A,,,,,,,,,,,2,,9,,軟弱如鶸；日語弱相關字 (weak bird metaphor; JP-related)
6136,懨,6.10E+09,Big5-2,,C,,,V,,V,,,,,,,,10,,懨懨；病懨懨 (listless / weakly ill)
5086,忒,05FD2,Big5-2,HK / Hakka note,B,,,V,,V,,,,1,,4,,13,Common word,忒修斯 (Theseus)
4812,饗,9957,Big5-1,TW,A,A,,V,V,V,,,,,,1,人,14,Uncategorized,饗宴；饗客 (feast; entertain guests with food)
6829,崤,05D24,Big5-1,,A,,,V,,V,,,,,,4,,8,,崤山；崤函 (Xiao Mountains / strategic pass)
5255,苳,082F3,Big5-2,TW,C,,,,,,,19,,1,,2,,13,Common word,茄苳 (Bischofia javanica (autumn maple))
636,啗,5557,Big5-1,,A,,,V,,V,,,,,,2,,14,Uncategorized,啗以重利；啗肉 (tempt with gain; to eat — literary)
5056,堉,5809,Big5-1,,A,A,,,,V,,,,184,,3,,13,Surname / personal name,Common in personal names
5261,莆,8386,Big5-1,,A,A,,V,,V,,,,48,,3,,13,Flora & fauna,莆田 (Putian (Fujian))
6901,焯,0712F,Big5-2,,B,B,,V,,V,,,,22,,4,,8,,焯水；焯燙 (blanch in boiling water)
5236,纔,7.00E+94,Big5-1,,A,,,V,,V,,,,,,2,,13,Variant form,才 (talent / just now)
5843,檣,06AA3,Big5-1,,A,A,,V,,V,,,,11,,2,,11,Classical Chinese,帆檣；桅檣 (mast)
3588,芊,0828A,Big5-2,,B,B,,V,,V,,,,736,,4,,14,Uncategorized,芊綿；草木芊芊 (lush and dense vegetation)
5102,搆,6406,Big5-1,,A,,,V,V,V,,,,,,2,,13,Common word,搆不著 (can't reach)
5265,菟,083DF,Big5-1,,A,,,V,V,V,,,,,,1,,13,Flora & fauna,菟絲 (dodder (parasitic plant))
7900,腈,8148,CJK,HK / Hakka note,B,,,,,,,,,,,,,6,,腈綸 (acrylic fiber)
5441,唭,0552D,Big5-2,TW,C,,,,,,,,,,,,,12,Taiwan place name,唭哩岸 (Qilian (Taipei place name))
6081,啶,5576,Big5-2,,,,,V,,V,,,,,,,,10,,吡啶；嘧啶 (pyridine; pyrimidine — chemistry)
5129,櫺,06AFA,Big5-1,,A,,,V,,V,,,,3,,2,,13,Common word,窗櫺 (window lattice)
5026,冏,0518F,Big5-2,,,C,,V,,V,,,,3,,2,,13,Internet slang,網路「冏」臉；古光明義 (internet “jiong” face; classical “bright”)
8460,斲,065B2,Big5-2,,C,,,V,,V,,,,1,,4,,5,,Suggest adding 「斲」 to the basic set; written forms like 「斲傷」「斲喪」「斲琴」.
5517,毬,06BEC,Big5-1,TW,A,A,,V,V,V,,,,,,2,人,12,Common word,擊毬 (polo-like ball game (擊毬))
5109,斛,0659B,Big5-1,,A,A,,V,V,V,,,,,,2,,13,Classical Chinese,Five 斗 = one 斛
5055,坨,5768,Big5-2,,B,,,,,V,,,,,,4,,13,Common word,一坨屎 (a lump of shit (vulgar))
6002,錕,9315,Big5-1,,A,A,,V,,V,,,,99,,4,,11,,多用於人名；古兵器名偶見 (common in names; rare classical metal name)
5351,錮,0932E,Big5-1,HK / Hakka note,A,A,,V,V,V,,,,,,2,常,13,Common word,禁錮 (imprison / confine)
5212,箍,07B8D,Big5-2,TW / Hakka,A,A,,V,V,V,,,,,,2,,13,Common word,髮箍 (hairband / Alice band)
5736,啁,5541,Big5-1,,A,A,,V,V,V,,,,,,4,,11,,啁啾 (chirping of birds)
5947,葶,8476,Big5-2,,B,,,V,,V,,,,490,,4,,11,,葶藶 (Draba — medicinal herb)
5620,蛉,086C9,Big5-1,TW,A,,,V,V,V,,,,5,,2,,12,Flora & fauna,草蛉科 (green lacewing family)
5326,邈,9088,Big5-1,,A,A,,V,,V,,,,,,3,,13,Variant form,藐; very likely in personal names
5976,諢,08AE2,Big5-2,,C,,,V,,V,,,,,,2,,11,,插科打諢；諢名 (comic banter; nickname)
5282,蜷,8737,Big5-1,TW,A,,,V,V,V,,,,,,2,,13,Common word,蜷縮 (curl up / huddle)
6824,屭,05C6D,Big5-2,,C,,,V,,V,,,,,,,,8,,贔屭 (mythic turtle that carries stone steles)
5724,劄,5284,Big5-2,,C,,,V,,V,,,,,,4,,11,Occasionally used,劄記 (reading notes / jottings)
6229,燁,071C1,Big5-2,HK / Hakka note,A,A,,V,,V,,,,649,,3,,10,Surname / personal name,燁燁；多用於人名 (brightly shining; common in names)
6192,檠,06AA0,Big5-1,TW / Hakka,A,A,,V,,V,,,,20,,2,,10,,燈檠 (lampstand)
994,媧,05AA7,Big5-1,TW,A,A,,V,V,V,,,,1,,3,,14,Uncategorized,女媧 (Nüwa — creator goddess)
5614,蔦,8526,Big5-2,,A,,,V,,V,,5,,,,1,人,12,Common word,蔦屋書店 (Tsutaya Books)
5712,傌,0508C,Big5-2,,,,,V,,V,,,,,,,,11,Occasionally used,Chinese chess (象棋)
7034,霙,9719,Big5-2,,A,A,,,,V,,,1,313,,2,,8,,雨雪霙霙 (sleet / soft snow — literary)
2686,珈,073C8,Big5-2,,B,B,,V,,V,,,,1223,,2,人,14,Uncategorized,簪珈；多用於人名 (hair ornament; common in names)
579,咩,054A9,Big5-1,TW,A,A,,V,V,V,,,,,,3,,14,Uncategorized,咩咩；羊叫 (baa — sheep sound)
2469,濕,06FD5,Big5-1,HK / Hakka note,A,A,,V,V,V,,1,,,2,2,人,14,Uncategorized,潮濕；濕度 (moist; humidity) — often 溼 in TW fonts discussion
2444,潢,06F62,Big5-2,TW / Hakka,A,A,,V,V,V,,,,17,,3,,14,Uncategorized,裝潢；天潢 (decorate; imperial clan — literary)
5303,謫,08B2B,Big5-1,,A,A,,V,,V,,,,1,,2,,13,Common word,指謫 (censure / point out faults)
5657,釩,9.10E+10,Big5-1,,A,,,V,,V,,,,47,,,,12,Common in naming,Element; also common in company names
5912,笪,07B2A,Big5-2,HK / Hakka note,B,B,,V,,,,,45,2,,4,,11,China place name,姓氏；竹笪 (surname; bamboo mat — rare)
6615,翬,07FEC,Big5-2,,C,,,V,,V,,1,,36,,3,,9,,基翬漁港 (Jihui Fishing Harbor)
5095,憨,061A8,Big5-2,HK / Hakka note,A,A,,V,V,V,,,6,3,,4,,13,Common word,憨厚 (simple and honest)
2302,洵,06D35,Big5-1,,A,A,,V,,V,,,,298,,2,人,14,Uncategorized,洵美且異 (truly — 詩經 particle/adverb)
5223,紓,07D13,Big5-2,,B,B,,V,V,V,,,,105,,3,,13,Common word,紓困 (bailout / relief aid)
2109,樑,06A11,Big5-1,TW / Hakka,A,A,,,,V,,,,256,,4,,14,Uncategorized,橋樑；棟樑 (bridge; pillar of the state)
5037,啵,5575,Big5-2,,C,,,V,,V,,,,,,,,13,Common word,打啵 (kiss (slang))
6248,瘜,0761C,Big5-2,,C,,,V,,,,,,,,4,,10,,瘜肉 (polyp / nasal polyp)
6187,榧,069A7,Big5-2,,A,A,,V,,V,,,,,,2,,10,,香榧 (Japanese torreya nut tree)
1361,忐,05FD0,Big5-2,,B,B,,V,V,V,,,,,,,,14,Uncategorized,忐忑 (uneasy / nervous) — with 忑
6054,俶,04FF6,Big5-2,,B,,,V,,V,,,,27,,2,,10,,俶裝；俶載 (set out / begin — classical)
2733,璟,0749F,Big5-1,,A,A,,V,,V,,,,1387,,3,,14,Uncategorized,多用於人名 (jade luster; common in names)
1955,杆,6746,Big5-1,TW / Hakka,A,A,,V,V,V,,,,,10,2,,14,Uncategorized,旗杆；欄杆 (flagpole; railing) — TW often 桿
5633,謖,08B16,Big5-2,,A,A,,V,,V,,,,1,,2,,12,Surname / personal name,馬謖 (Ma Su (Three Kingdoms))
6517,攖,6516,Big5-2,,C,,,V,,V,,,,1,,4,,9,,攖寧；攖取 (grasp; seize — literary/Zhuangzi term)
5181,琮,0742E,Big5-2,,A,A,,V,,V,,,,1297,,3,,13,Surname / personal name,玉琮；多用於人名 (jade cong ritual tube; names)
7262,澶,06FB6,Big5-1,,A,,,V,,V,,,,,,3,,7,,澶淵之盟 (Chanyuan Treaty)
6644,衽,0887D,Big5-1,,A,,,V,,V,,,,4,,2,,9,,衣衽；衽席 (lapel / formal dress; seating mat — classical)
6276,糅,07CC5,Big5-2,,B,B,,V,,V,,,,,,2,,10,,雜糅；糅合 (mix / blend together)
5978,賡,08CE1,Big5-1,,A,,,V,,V,,,1,11,,3,,11,,賡續 (continue / carry on — classical)
5316,蹩,8.00E+69,Big5-2,,B,,,V,,V,,,,,,,,13,Common word,蹩腳 (lame / shoddy / inferior)
6227,熠,071A0,Big5-2,,B,B,,V,,V,,,,74,,4,,10,,熠熠生輝 (sparkle brilliantly)
6394,鯓,09BD3,Big5-2,,C,,,V,,V,,1,,,,,,10,Taiwan place name,鯤鯓 (Kunshen (Tainan coastal place))
5391,鵰,09D70,Big5-2,TW,B,B,,V,V,V,,,,1,,3,,13,Flora & fauna,大鵰 (large eagle / aquila)
7125,唎,0550E,Big5-2,,,A,,,,,,,,2,,3,,7,,日語「唎酒」；語氣詞偶見 (JP sake-tasting graph; rare particle)
5125,楮,0696E,Big5-1,,A,A,,V,,V,,,26,,,2,,13,Common word,"Plant name (Moraceae, Broussonetia); also rare surname"
5128,櫸,06AF8,Big5-2,,B,,,V,V,V,,,,13,,,,13,Common word,山毛櫸 (beech tree)
5346,銨,092A8,Big5-1,,A,,,V,,V,,,,61,,,,13,Science & engineering,NH4 (ammonium (NH4))
5022,儻,0513B,Big5-1,,A,,,V,,V,,,,,,2,,13,Common word,風流倜儻 (debonair / romantic and unrestrained)
6375,雎,096CE,Big5-2,,,A,,V,,V,,,5,1,,2,,10,Classical Chinese,關雎 (Guanju (first poem of 詩經))
5361,鑪,0946A,Big5-1,HK / Hakka note,A,,,V,,V,,,,4,,2,,13,Science & engineering,Periodic-table element
6690,錞,0931E,Big5-2,,A,A,,V,,V,,,,274,,4,,9,,錞于 (ancient bronze percussion instrument)
5522,洒,06D12,Big5-2,TW,A,,,V,,V,,,6,2,,2,,12,Variant form,灑 (sprinkle / spill)
5127,檐,06A90,Big5-1,,A,A,,V,,V,,,,,,2,,13,Variant form,簷 (eaves)
4382,邃,9083,Big5-1,,A,A,,V,V,V,,,,,,2,,14,Uncategorized,深邃；邃密 (profound / deep)
5558,癈,7648,Big5-2,,,,,V,,V,,,,,,2,,12,Variant form,廢 (abandon / waste / useless)
5992,鉈,9248,Big5-2,TW / Hakka,B,,,V,,V,,,,,,2,,11,,"鉈 (thallium, Tl)"
5490,搵,6435,Big5-2,TW / Hakka,B,B,,V,,V,,,,,,,,12,Common word,Fairly common in Cantonese & Taiwanese
5101,掂,6382,Big5-2,TW,A,A,,V,,V,,,,,,,,13,Common word,惦斤兩 (weigh every ounce — be calculating)
5702,乂,4.00E+42,Big5-2,,,A,,V,,V,,,,11,1,2,,11,,乂煞氣a文字乂 (edgy stylized text meme)
6720,鰕,09C15,CJK,,A,A,,,,V,,,,,,2,,9,,陽明山吻鰕虎 (Yangmingshan kissing goby)
5413,傣,050A3,Big5-2,,A,A,,V,,V,,,,,,4,,12,Common word,Dai people (傣族); Dai language
5033,吽,0543D,Big5-2,,B,,,,,V,,,,,,2,,13,Common word,嗡嘛呢叭咪吽 (Om Mani Padme Hum)
5354,鍺,0937A,Big5-2,,C,,,V,,V,,,,2,,,,13,Science & engineering,Periodic-table element
6567,琯,0742F,Big5-1,,A,A,,V,,V,,1,,10,,3,,9,,玉琯；多用於人名 (jade flute; names)
5807,抔,6294,Big5-2,TW / Hakka,,,,V,,V,,,,,,2,,11,Taiwanese (Hokkien),一抔土 (a handful of earth — literary)
6721,鰤,09C24,Big5-2,,,,,,,,,,,,,2,,9,,鰤魚壽司 (yellowtail / amberjack sushi)
5640,蹠,8.00E+60,Big5-2,,A,A,,V,,V,,,,,1,2,,12,,蹠骨 (metatarsal bone)
5893,畀,7540,Big5-2,HK / Hakka note,,B,,V,,V,,,,5,,4,,11,Cantonese,畀以重任 (confer / bestow upon — classical/Cantonese formal)
6977,裒,088D2,Big5-1,TW,A,,,V,,V,,,,,,4,,8,,裒集；裒多益寡 (collect; take from surplus — classical)
5478,怛,0601B,Big5-1,,A,,,V,,V,,,,,,2,,12,,慘怛；怛然 (grief-stricken; startled — literary)
6250,眯,0772F,Big5-2,TW,A,,,V,,V,,,,,,,,10,,笑眯眯；眯眼 (smiling with squinted eyes)
5929,羥,07FA5,Big5-2,,C,,,V,,V,,,,,,,,11,Science & engineering,羥基 (hydroxyl group)
6814,妘,5998,Big5-2,,C,,,V,,,,,,356,,,,8,,Very common in personal names
5746,嘌,0560C,Big5-2,,C,,,V,,V,,,,,,,,11,Science & engineering,Purine (嘌呤 / 普林; common in food labels)
481,双,053CC,CJK,,,,,,,,,19,33,22,,1,常,14,Uncategorized,双／雙 (two / pair — simplified/JP form)
5183,瑢,7462,Big5-2,,A,A,,V,,V,,,,211,,3,,13,Surname / personal name,從容？；瑢多用於人名 (mainly personal names)
5323,遛,0905B,Big5-1,TW,A,,,V,,V,,,,,,,,13,Common word,遛狗 (walk a dog)
6294,膻,081BB,Big5-2,,B,,,V,,V,,,,,,3,,10,,膻味；腥膻 (muttony / gamey odor)
7503,俣,04FE3,CJK,,,,,,,,,,,,2,1,人,6,,日語人名用字 (JP name character)
157,侷,04FB7,Big5-1,TW,A,,,V,,V,,,,,,,,14,Uncategorized,侷限 (limit / constrain)
5348,鋯,092EF,Big5-2,,C,,,V,,V,,,,1,,,,13,Science & engineering,Periodic-table element
7848,笫,07B2B,Big5-2,,B,,,V,,V,,,,,,,,6,,床笫之間 (in bed / private marital matters)
411,勳,052F3,Big5-1,TW,A,A,,,,V,,,,5894,,2,人,14,Uncategorized,功勳；勳章 (merit; medal)
3357,网,07F51,Big5-2,,A,,,V,,V,,,,,,2,,14,Uncategorized,网／網 (net — simplified form)
5099,挂,6302,Big5-1,TW,A,,,V,,V,,,,,,2,,13,Variant form,掛 (hang / be concerned)
5046,囡,5.60E+02,Big5-2,TW,B,B,,V,V,V,,,,2,,,,13,Common word,囡仔 (child (Taiwanese))
5313,踞,08E1E,Big5-1,HK / Hakka note,A,A,,V,V,V,,,,,,2,,13,Common word,龍蹯虎踞 (coiled dragon and crouching tiger — strategic terrain)
5892,甾,0753E,Big5-2,,C,,,V,,V,,,,,,4,,11,Occasionally used,Sterol; also called 「甾醇」
5598,腌,0814C,Big5-1,TW,A,,,V,,V,,,,,,,,12,Variant form,醃 / 骯 (pickle (醃) / filthy (骯))
3180,簌,07C0C,Big5-1,,A,,,V,,V,,,,,,,,14,Uncategorized,簌簌；淚珠簌簌 (rustling; tears falling freely)
4048,諳,08AF3,Big5-1,TW,A,A,,V,V,V,,,,82,,2,,14,Uncategorized,熟諳；諳練 (be well versed in)
7221,杌,0674C,Big5-2,,,,,V,,V,,,,,,4,,7,,檮杌｜四凶 (Taowu — one of the Four Perils)
6029,魴,09B74,Big5-2,TW,C,,,V,,V,,,,1,,2,,11,,魴魚 (bream)
7005,釷,091F7,Big5-2,,,,,,,V,,,,2,,,,8,,Thorium nuclear / periodic table (釷)
5563,硒,7852,Big5-2,,A,,,V,,V,,,,,,,,12,Science & engineering,Periodic table
7293,矧,7.70E+08,Big5-2,,,,,V,,V,,,,,,1,,7,,法律判決、公文用字 (used in legal judgments / official docs)
7893,羰,07FB0,Big5-2,,,,,V,,V,,,,,,,,6,,"Carbonyl group (羰基, ㄊㄤ)"
1874,昶,6636,Big5-2,,A,A,,V,,V,,,1,1080,,2,,14,Uncategorized,多用於人名 (long daylight; common in names)
5456,墘,5898,Big5-2,TW,C,,,V,,V,,31,,,,,,12,Taiwan place name,港墘 (waterfront / harbor edge (墘))
5231,縐,7.00E+10,Big5-1,TW / Hakka,A,A,,V,V,V,,,,,,4,,13,Occasionally used,縐紗 (crepe); 縐 also often used as variant of 皺
984,婕,05A55,Big5-2,,B,,,V,,V,,,,2406,,4,,14,Uncategorized,婕妤 (Han court lady title; also names)
5861,洁,06D01,Big5-2,,,,,,,,,,,9,,,,11,Simplified form,潔 (clean / pure)
5670,閎,0958E,Big5-1,,A,,,V,V,V,,,,536,,3,,12,Surname / personal name,閎中肆外；姓氏 (broad; also surname)
267,儿,0513F,Big5-1,,A,,,,,V,,,,5,,2,,14,Uncategorized,儿／兒；「儿化」 (child; erhua — also simplified 兒)
5367,霈,9708,Big5-2,,B,,,V,,V,,,,1026,,2,,13,Common word,甘霈; common in personal names
2732,璞,0749E,Big5-1,TW,A,A,,V,V,V,,,1,251,,2,,14,Uncategorized,返璞歸真；璞玉 (return to simplicity; uncarved jade)
7017,錒,9312,Big5-2,,,,,V,,V,,,1,,,,,8,,Periodic table
5294,襁,8941,Big5-2,HK / Hakka note,A,A,,V,V,V,,,,4,,2,,13,Common word,Infancy (強褓之年)
3501,腩,8169,Big5-2,TW,B,B,,V,,V,,,,,,4,,14,Uncategorized,牛腩；肉腩 (brisket / flank meat — Cantonese cooking)
667,喫,055AB,Big5-1,HK / Hakka note,A,A,,V,,V,,,,,,1,常,14,Uncategorized,喫飯；喫茶 (eat; drink tea — variant of 吃)
7057,鷴,09DF4,Big5-2,,C,,,,,V,,,,,,4,,8,,白鷴 (silver pheasant)
5627,袤,088A4,Big5-2,,B,,,V,,V,,,,,,2,,12,Common in naming,廣袤 (vast expanse)
6356,鄢,9122,Big5-2,,,,,V,,V,,,489,40,2,3,,10,,鄢陵；姓氏 (place/surname)
5220,糗,07CD7,Big5-2,,C,,,V,V,V,,,,,,4,,13,Common word,出糗 (make a fool of oneself)
5811,擣,6.40E+04,Big5-2,,,,,V,V,V,,,,,,2,,11,,Same as / related: 同搗
3587,芃,8283,Big5-2,,B,,,V,,V,,,,878,,4,,14,Uncategorized,芃芃 (luxuriant — 詩經)
7924,萘,8418,CJK,,,,,,,,,,,,,,,6,,Naphthalene balls / mothballs (萘丸)
6098,囔,056D4,Big5-2,,B,,,V,,V,,,,,,,,10,,嘟囔 (mutter / mumble)
5973,詈,08A48,Big5-2,TW,,,,V,,V,,,,,,2,,11,,詈罵 (revile / curse)
5393,鶩,09DA9,Big5-2,,A,A,,V,,V,,,,,,2,,13,Flora & fauna,趨之若鶩 (flock to something like ducks)
5189,疣,075A3,Big5-1,,A,,,V,V,V,,,,,,2,,13,Common word,臉上長疣 (warts on the face)
5193,癰,7670,Big5-2,TW,A,A,,V,,V,,,,,,2,,13,Common word,癰疽 (carbuncle / abscess)
5200,硅,7845,Big5-2,,A,A,,,,V,,,,,,2,,13,Common word,矽、硅、珪 (silicon (矽/硅/珪))
4897,鮭,09BAD,Big5-1,,A,,,V,V,V,,,,,1,1,,14,Uncategorized,鮭魚 (salmon)
6807,墦,058A6,Big5-1,,A,,,V,,V,,,,,,,,8,,墦間酒食 (food and drink among the graves (孟子 allusion))
6113,嬗,05B17,Big5-2,,B,,,V,,V,,,,,,4,,10,,嬗變 (evolve / transform)
1681,掰,063B0,Big5-2,TW / Hakka,B,,,V,,V,,,,,,,,14,Uncategorized,掰開；掰手腕 (break apart by hand; arm-wrestle)
3827,蜒,8712,Big5-2,HK / Hakka note,A,A,,V,V,V,,,,,,2,,14,Uncategorized,蜿蜒 (wind / meander)
2241,汨,06C68,Big5-1,HK / Hakka note,A,A,V,,,,,,1,7,,2,,14,Uncategorized,汨羅江 (Miluo River — Qu Yuan)
2533,焜,0711C,Big5-1,HK / Hakka note,A,A,,V,,V,,,,226,,2,,14,Uncategorized,焜耀；多用於人名 (shine; common in names)
6023,騮,09A2E,Big5-2,,B,B,,V,,V,,,,2,,3,,11,,驊騮 (fine steed — literary)
6325,覈,8988,Big5-2,,C,,,V,,V,,,,,,2,,10,,覈實 (verify / check the facts)
5887,珥,7.30E+06,Big5-2,,A,A,,V,,V,,,,2,,2,,11,Common in naming,Popular in jewelry-business naming
6991,趯,08DAF,Big5-2,,,,,V,,V,,,,2,,3,,8,,永字八法 strokes: 側、勒、弩、趯、策、掠、啄、磔
6223,焱,7131,Big5-2,TW,B,,,V,,V,,,,42,,4,,10,,炎焱；多用於人名 (flames; names)
4413,鄲,9132,Big5-2,,A,A,,V,,V,,,,,,2,,14,Uncategorized,邯鄲 (Handan)
5903,砒,7812,Big5-2,TW,A,A,,V,,V,,,,,,2,,11,,砒霜 (arsenic trioxide / arsenic)
5459,媜,05A9C,Big5-2,,B,B,,,,,,,,244,,4,,12,Surname / personal name,多用於人名 (mainly personal names)
6523,杈,6748,Big5-2,HK / Hakka note,B,,,V,,V,,,,,,3,,9,,樹杈；分杈 (tree fork / branch)
5267,萇,8407,Big5-1,,A,,,V,,V,,,21,,,2,,13,Flora & fauna,Common in company / shop names
6021,餬,0992C,Big5-2,,B,,,V,,V,,,,,,2,,11,,餬口 (eke out a living)
5203,祂,7942,Big5-2,,B,,,V,V,V,,,,,,,,13,Common word,祂（神／主的代名詞） (He/Him — for deity)
6038,鴞,09D1E,Big5-2,TW,C,,,V,,V,,,,,,3,,11,,鴟鴞 (owl — literary)
5673,隄,9684,Big5-1,,A,,,V,,V,,,,6,,3,,12,Common in naming,隄防／堤防 (dike / embankment — variant of 堤)
5955,蚕,8695,Big5-2,,,,,V,,V,,,,,,1,常,11,,蚕絲；蠶的簡／日形 (silkworm — simplified/JP form of 蠶)
6306,蓴,084F4,Big5-2,,A,A,,V,,V,,,,26,,2,,10,,蓴菜 (watershield)
6571,瓞,074DE,Big5-2,,C,,,V,,V,,,,,,4,,9,,瓜瓞綿綿 (may your descendants be many (瓜瓞))
5820,杲,6772,Big5-1,,A,A,,V,,V,,,33,4,,2,,11,,Japanese; also China place names
6389,髀,09AC0,Big5-2,HK / Hakka note,,B,,V,,V,,,,,,2,,10,,髀肉復生 (thigh; “thigh flesh returns” — idle regret)
5591,翦,07FE6,Big5-2,,B,,,V,V,V,,,11,2,,2,,12,Common word,一翦梅 (Yi Jian Mei (ci tune / song))
5217,籥,07C65,Big5-1,,A,,,V,,V,,,,1,,2,,13,Classical Chinese,Musical instrument name; ancient wind instrument
5207,穠,07A60,Big5-1,,A,,,V,,V,,,,52,,4,,13,Common word,穠纖合度 (neither too plump nor too thin — well-proportioned)
5788,嵋,05D4B,Big5-2,,A,A,,V,,V,,,,34,,2,,11,China place name,峨嵋山 (Mount Emei)
7378,蠓,8813,Big5-2,TW,,,,V,,V,,,,,,4,,7,,Taiwan biting midge / 鋏蠓 (small black gnat)
6709,鬈,09B08,Big5-2,,C,,,V,,V,,,,,,3,,9,,"Suggest moving 「鬈」 from naming to basic set (鬈髮、鬈毛). TW reading often ㄐㄩㄢˇ, so people substitute 捲/卷; 「鬈」 specifically refers to hair."
5139,洄,06D04,Big5-2,TW,B,,,V,V,V,,,,1,,3,,13,Common word,洄瀾 (eddying waves; also Hualien-related name)
5942,菈,083C8,Big5-2,,C,,,V,,,,,21,,,,,11,,音譯／人名偶用 (rare; transliteration or names)
6487,悱,060B1,Big5-2,,C,,,V,V,V,,,,,,4,,9,,不悱不發、纏綿悱惻 (teach when ready; lingering pathos (悱))
6538,殍,06B8D,Big5-2,,,,,V,,V,,,,,,2,,9,,野有餓殍 (starving corpses in the fields)
5065,嬈,05B08,Big5-1,TW,A,,,V,,V,,,,7,,4,,13,Binome / fixed compound,嬌嬈 (charming / seductive)
5369,靚,0975A,Big5-2,HK / Hakka note,B,B,,V,,V,,,,311,,3,,13,Common word,靚女 (pretty woman (Cantonese 靚))
2651,猝,0731D,Big5-2,,A,A,,V,,V,,,,,,2,,14,Uncategorized,猝死；猝不及防 (sudden death; caught off guard)
5932,胼,080FC,Big5-1,,A,,,V,V,V,,,,,,2,,11,Common word,胼胝；胼手胝足 (calluses; hard toil)
5877,灩,7069,Big5-2,,C,,,V,,V,,1,,1,,4,,11,,灩灩；波光灩灩 (brimming / glittering waves)
5182,琲,7432,Big5-2,,B,,,,,V,,,,32,,2,,13,Surname / personal name,明琲 (personal name element (琲))
6715,鮒,09B92,Big5-2,,A,,,V,,V,,,,,,1,,9,,涸轍之鮒 (carp in a dry rut — desperate straits)
5043,噶,5676,Big5-1,TW / Hakka,A,,,V,,V,,,14,,14,3,,13,Taiwan place name,噶瑪蘭 (Kavalan (people / place))
5143,浹,06D79,Big5-1,HK / Hakka note,A,A,,V,V,V,,,,,,2,,13,Common word,汗流浹背 (sweat soaks the back)
5952,薹,085B9,Big5-1,,A,,,V,,V,,,,,,2,,11,,蒜薹 (garlic scape)
5707,侔,04F94,Big5-2,,,,,V,,V,,,,2,,3,,11,,Occasionally used in naming
7032,隰,096B0,Big5-2,,B,,,V,,V,,,,,,2,,8,,隰地；姓氏 (low wetland; surname)
7246,殛,06B9B,Big5-2,,C,,,V,,V,,,,,,4,,7,,電殛 (death by electric shock)
5277,薺,085BA,Big5-1,TW / Hakka,A,A,,V,,V,,,,13,,2,,13,Flora & fauna,荸薺 (water chestnut)
5937,茬,0832C,Big5-2,,,,,,,V,,,6,2,,,,11,Surname / personal name,二茬；話茬 (second cutting of a crop; cue in talk)
5440,哧,5.40E+08,Big5-2,,B,,,V,,V,,,,,,,,12,Common word,噗哧 (pfft / stifled laugh)
810,埕,057D5,Big5-2,TW / Hakka,B,,,V,V,V,41,57,60,16,,,,14,Uncategorized,酒埕；魚塭埕 (earthen jar; coastal flat — TW)
7898,胇,080C7,Big5-2,,,,,V,,V,,,,,,,,6,,雞胇、雞腩胇 (chicken fat / fatty chicken cuts (胇))
6477,廨,05EE8,Big5-2,,C,,,V,,V,,,,,,2,,9,,審計公廨 (audit office / government office (公廨))
4915,鱒,09C52,Big5-2,,A,,,V,V,V,,,,,1,1,人,14,Uncategorized,鱒魚 (trout)
5547,瑀,7440,Big5-2,,A,A,,V,,V,,,,1236,,4,,12,Surname / personal name,多用於人名 (jade-like; names)
5549,甍,0750D,Big5-1,TW,A,,,V,,V,,,,1,,2,,12,Japanese,屋甍；日語「甍」 (roof ridge tile; JP usage)
5607,荖,8356,Big5-2,TW,C,,,V,,,,9,,,10,,,12,Taiwan place name,荖濃溪 (Laonong River)
6682,鉍,0924D,Big5-1,,A,A,,V,,V,,,,3,,,,9,,"鉍 (bismuth, Bi)"
5078,嶸,05DB8,Big5-1,HK / Hakka note,A,A,,V,V,V,,,,237,,3,,13,Common word,崢嶸 (lofty / outstanding)
5972,觚,089DA,Big5-2,,C,,,V,,V,,,,,,2,,11,,操觚；酒觚 (write; wine vessel — classical)
1651,据,0636E,Big5-2,,A,A,,V,V,V,,,,,,1,常,14,Uncategorized,据／據 (occupy / according to — simplified form often)
5602,芩,082A9,Big5-2,,A,A,,V,,V,,,,361,,3,,12,Flora & fauna,黃芩 (Scutellaria (Chinese herb))
5667,鎧,093A7,Big5-2,,A,A,,V,,V,,,,600,,1,人,12,,鎧甲 (armor)
5014,丼,04E3C,Big5-2,TW,B,,,,,,,,,,,2,常,13,Food,牛丼 (gyudon / beef rice bowl)
2737,璨,074A8,Big5-1,,A,A,,V,V,V,,,,204,,3,,14,Uncategorized,璀璨 (bright and sparkling)
5167,爲,7232,CJK,,,A,,,,,,,,,,2,人,13,Variant form,Suggest moving 「爲」「僞」 from Japanese to basic set. Still widely used in traditional-Chinese print/handwriting/names; Japanese pack placement understates Chinese usage.
5593,耦,8026,Big5-1,,A,,,V,,V,,,,,,3,,12,Common word,耦合 (coupling (physics/engineering))
5137,沏,06C8F,Big5-2,,A,,,V,V,V,,,,,,,,13,Common word,沏茶 (brew tea)
5364,闕,095D5,Big5-1,TW,A,A,,V,V,V,,,8937,560,,2,,13,Surname / personal name,Surname
6333,諡,08AE1,Big5-2,,,A,,V,,V,,,,,,2,,10,,諡號 (posthumous title)
5851,殞,06B9E,Big5-2,,A,A,,V,,V,,,,,,2,,11,Common word,殞落 (fall / perish (esp. stars / people))
5997,銣,092A3,Big5-2,,,,,V,,V,,,,29,,,,11,,"銣 (rubidium, Rb)"
5521,泮,06CEE,Big5-2,,A,A,,V,,V,,1,,2,,3,,12,Common in naming,Very common in personal / shop names
6450,嚦,056A6,Big5-2,,B,B,,V,,V,,,,1,,,,9,,乾嚦；聲響詞偶見 (rare onomatopoeia / dialectal)
5575,篝,07BDD,Big5-2,,,B,,V,V,V,,,,,,2,,12,,篝火 (bonfire / campfire)
4802,餮,0992E,Big5-1,,A,,,V,,V,,,,,,2,,14,Uncategorized,饕餮 (taotie — gluttonous monster motif)
890,夯,0592F,Big5-2,TW,A,,,V,,V,,,,,,,,14,Uncategorized,打夯；夯實 (ram / tamp earth; solid)
5382,魎,09B4E,Big5-1,,A,,,V,,V,,,,,,2,,13,Common word,魑魅魍魎 (demons and monsters of all kinds)
5257,茭,0832D,Big5-2,TW / Hakka,B,,,V,,V,,3,,,,3,,13,Flora & fauna,茭白筍 (water bamboo / wild rice stem)
5647,郢,9.00E+03,Big5-1,,A,,,V,,V,,,,22,,2,,12,,郢都 (Ying — Chu capital)
5632,誚,08A9A,Big5-1,HK / Hakka note,A,,,V,,V,,,,,,2,,12,Taiwanese (Hokkien),Folk writing of Taiwanese kiàn-siàu as 見誚
6614,羧,07FA7,Big5-2,,,,,V,,V,,,,,,,,9,,羧基 (carboxyl group)
6030,鮨,09BA8,Big5-2,,,,,V,,V,,,,,,2,,11,,壽司（鮨） (sushi)
5339,鈦,9226,Big5-2,,B,B,,V,,V,,,,1,,,,13,Science & engineering,Periodic-table element
6595,稹,07A39,Big5-2,,,,,V,,V,,,,9,,3,,9,,元稹 (Yuan Zhen (Tang poet))
6287,罡,07F61,Big5-2,,B,,,V,,V,,,,67,,4,,10,,天罡；罡風 (Daoist star name; fierce wind)
5188,畿,0757F,Big5-1,,A,A,,V,,V,,,,16,1,1,常,13,Common word,京畿 (capital region)
5854,氅,06C05,Big5-1,TW,A,,,V,,V,,,,,,3,,11,Occasionally used,氅衣 (cloak / overcoat)
4476,鉅,9245,Big5-1,,A,A,,V,V,V,,,,197,,2,,14,Uncategorized,鉅資；艱鉅 (huge sum; arduous — also written 巨)
5075,崽,05D3D,Big5-2,HK / Hakka note,,,,V,,V,,,,,,,,13,Common word,兔崽子 (brat / bastard (insult))
5502,柊,067CA,Big5-2,,,,,,,,,,,9,,1,人,12,Common in naming,Common in company / shop names
5288,蟎,087CE,CJK,Clearer with Hakka literacy,B,,,,,,,,,,,4,,13,Common word,塵蟎 (dust mite)
6480,彘,05F58,Big5-2,,B,,,V,,V,,,,,,3,,9,,狗彘；豬彘 (swine — classical)
5130,歆,06B46,Big5-2,TW,A,A,,V,,V,,,,797,,3,,13,Surname / personal name,陳霈歆 (personal name (陳霈歆))
5565,碓,7893,Big5-1,TW / Hakka,A,,,V,,V,,12,1,,1,1,人,12,Taiwan place name,水碓景觀公園 (water-powered pestle landscape park)
5714,傴,050B4,Big5-2,,,,,V,,V,,,,,,2,,11,,Occasionally used in Cantonese / Japanese
6484,怩,6029,Big5-1,,A,,,V,,V,,,,10,,2,,9,,忸怩 (bashful / coy)
5290,蟾,087FE,Big5-1,TW / Hakka,A,A,,V,V,V,,,,2,1,2,,13,Flora & fauna,蟾蜍 (toad)
5245,胯,080EF,Big5-1,,A,A,,V,,V,,,,,,2,,13,Common word,胯下 (between the legs / crotch)
5725,劼,052BC,Big5-2,,,,,V,,V,,,,70,,2,,11,Surname / personal name,多用於人名 (steady/cautious classical; mostly names)
5172,玠,073A0,Big5-2,,B,,,V,,V,,,,642,,3,,13,Surname / personal name,多用於人名；古佩玉 (jade tablet; mostly names)
5430,吔,5414,CJK,Clearer with Hakka literacy,,,,,V,V,,,,,,,,12,Onomatopoeia,Interjection; now often written as 耶
6253,矸,077F8,Big5-2,TW,B,,,V,,V,,,,,,,,10,,煤矸石 (coal gangue)
6597,窳,07AB3,Big5-2,,C,,,V,,V,,,,,,3,,9,,Minecraft
17874,𩵚,29D5A,ExtB,,,,,,,,,,,,,,,1,,Suggest adding 「𩵚」 to the basic set; common collocation 「𩵚魠（魚）」. Folk spelling; Big-5 lacked it so 「土」 was substituted.
5794,廍,05ECD,CJK,TW,C,,,,,,,22,,,,,,11,,糖廍 (traditional sugar mill (Taiwan))
5584,綫,07DAB,CJK,,,,,,,V,,,1,,,2,,12,Variant form,線 (line / thread)
5623,蝓,8753,Big5-1,HK / Hakka note,A,,,V,,V,,,,,,2,,12,Flora & fauna,蛞蝓 (slug)
5319,轆,08F46,Big5-2,TW,B,B,,V,,V,,,,,1,2,,13,Common word,飢腸轆轆 (stomach rumbling with hunger)
5536,燿,071FF,Big5-2,,A,A,,V,,V,,,,212,,2,人,12,Common in naming,照燿／照耀異體；多用於名 (shine; names)
6926,睚,0775A,Big5-2,TW / Hakka,B,,,V,,V,,,,,,2,,8,,睚眦必報 (avenge a angry glance)
6500,捋,0634B,Big5-2,TW / Hakka,B,,,V,,V,,,,,,,,9,,捋袖；捋鬍子 (push up sleeves; stroke beard)
5538,狒,072D2,Big5-2,,B,B,,V,,V,,,,,,2,,12,Common word,狒狒 (baboon)
6225,煸,7178,Big5-2,,B,,,,,,,,,,,,,10,,干煸；煸炒 (dry-fry / stir-fry until fragrant)
5674,雩,9.60E+10,Big5-1,,A,A,,V,,V,,,,20,,3,,12,Common in naming,舞雩；祈雨祭 (rain-sacrifice altar — Analects)
5776,媞,05A9E,Big5-2,,C,,,V,,V,,,,50,,3,,11,Surname / personal name,多用於人名 (mainly personal names)
6719,鯪,09BEA,Big5-2,TW,B,B,,V,,V,,,,,,4,,9,,鯪魚 (mud carp)
5040,嗔,055D4,Big5-2,,A,A,,V,,V,,,,,,2,,13,Common word,Anger-related meaning
5080,幡,5.00E+61,Big5-1,TW / Hakka,A,A,,V,,V,,,,,5,1,人,13,Common word,幡然悔悟 (suddenly repent / turn over a new leaf)
5071,岬,05CAC,Big5-2,,A,A,,V,,V,,,,,597,1,常,13,Common word,海岬 (cape / promontory)
5258,茼,0833C,Big5-2,,B,,,V,V,V,,,,3,,4,,13,Flora & fauna,茼蒿 (crown daisy / garland chrysanthemum)
5166,燠,7.10E+01,Big5-1,,A,A,,V,V,V,,,,,,2,,13,Common word,溫燠 (warm / cozy)
5756,坌,0574C,Big5-2,TW,C,,,V,,V,,,,,,4,,11,,大坌坑遺址 (Dapenkeng archaeological site)
5443,嗄,055C4,Big5-2,TW / Hakka,C,,,V,,V,,,2,1,,2,,12,Onomatopoeia,Interjection
2415,滷,06EF7,Big5-1,TW / Hakka,A,A,,V,V,V,,,,,,2,,14,Uncategorized,滷味；滷肉 (braised flavor; braised meat)
6568,琰,7430,Big5-2,,A,A,,V,,V,,,,38,,3,,9,,玉琰；多用於人名 (fine jade; names)
5583,絣,07D63,Big5-2,,,,,V,,V,,,,,,2,,12,Japanese,日語絣（絣織） (kasuri ikat weaving — JP)
6109,塽,0587D,Big5-1,,A,A,,,,V,,,,2,,,,10,,高塽；多見於名 (high bright ground — classical; names)
5548,璉,7489,Big5-2,,A,A,,V,,V,,5,,255,,3,,12,Common in naming,瑚璉 (ritual vessel — talent metaphor; names)
17561,鷳,09DF3,Big5-2,,,,,,,V,,,,3,,,,1,,白鷳 (silver pheasant)
5343,鉉,9249,Big5-1,,A,A,,V,,V,,,9,167,,2,,13,Surname / personal name,Common in company / shop names
6915,瓖,074D6,Big5-1,,A,,,V,,V,,,,2,,4,,8,,多用於人名 (ornamental jade; names)
6358,酆,9146,Big5-2,TW,,,,V,,V,,,289,17,,4,,10,,酆都；姓氏 (Fengdu underworld; surname)
4473,鈺,0923A,Big5-2,,A,A,,V,,V,,,,7762,,3,,14,Uncategorized,金鈺；多用於人名 (treasured metal; names)
5174,珂,073C2,Big5-2,,A,A,,V,,V,,,,89,2,1,人,13,Surname / personal name,珂羅版；多用於人名 (collotype; names)
8830,衖,8856,Big5-2,HK / Hakka note,C,,,V,,,,,,,,,,5,,弄 (alley / play with / make)
4225,蹟,08E5F,Big5-1,TW / Hakka,A,A,,V,V,V,,,,3,,1,人,14,Uncategorized,事蹟；遺跡 (achievements; ruins — often 跡)
5869,溏,06E8F,Big5-2,,C,,,V,,V,,,,6,,2,,11,Common word,溏心蛋 (soft-runny yolk egg)
5656,釆,091C6,Big5-1,,A,,,V,,V,,,,51,,1,,12,Radical,Radical
2916,睇,7747,Big5-2,,B,B,,V,,V,,,,,,2,,14,Uncategorized,睇見；粵語「睇」 (look / see — Cantonese)
7045,髕,09AD5,Big5-2,,C,,,V,,V,,,,,,4,,8,,髕骨 (patella / kneecap)
6717,鯀,09BC0,Big5-1,,A,,,V,,V,,,,,,2,,9,,"鯀（神話人物） (Gun, mythic flood controller)"
6003,錵,9335,Big5-2,,,,,,,,,,,1,,2,,11,,化學「錵」／鎻？稀；人名偶見 (rare element/name usage)
8993,骾,09ABE,Big5-2,,,,,V,,V,,,,,,,,5,,如骾在喉 (like a bone stuck in the throat)
6383,顳,9873,Big5-2,,C,,,V,,V,,,,,,2,,10,,顳葉；顳顎 (temporal lobe; temple of head)
13401,魈,09B48,Big5-2,,,,,V,,V,,,,,,,,2,,Suggest including 「魈」. 「山魈」 appears in folklore and zoology; also frequent in pop culture.
4797,餚,0991A,Big5-1,HK / Hakka note,A,A,,V,V,V,,,,,,4,,14,Uncategorized,佳餚；菜餚 (delicacies; dishes)
5178,琇,7407,Big5-2,,A,A,,V,V,V,,,,2438,,3,,13,Surname / personal name,多用於人名 (fine jade; names)
5504,栖,6816,Big5-2,HK / Hakka note,A,A,,V,,V,,,,,2,1,人,12,Flora & fauna,羊栖菜; or variant of 棲
5091,愆,6106,Big5-1,HK / Hakka note,A,A,,V,,V,,,,,,2,,13,Common word,罪愆 (sin / fault)
1114,尪,05C2A,Big5-2,TW,C,,,V,,V,,,,,,,,14,Uncategorized,尪仔標；瘦尪 (folk deity figurines; skinny — TW)
5081,廄,05EC4,Big5-1,,A,A,,V,,V,,,,,1,,,13,Uncategorized,馬廄 (stable)
508,叻,053FB,Big5-1,,A,A,,V,,,,,,,47,,,14,Uncategorized,石叻／新加坡舊稱相關；叻沙 (Selat/Singapore old name link; laksa)
5882,煆,7146,Big5-1,,A,,,V,,V,,,,,,3,,11,Science & engineering,煆燒 (calcine / roast at high heat)
5230,緲,07DF2,Big5-1,,A,,,V,,V,,,,,,2,,13,Common word,縹緲 (ethereal / indistinct)
6397,黽,09EFD,Big5-2,,C,,,V,,V,,,,,,2,,10,,黽勉 (exert oneself — classical)
5634,謳,08B33,Big5-2,TW,A,A,,V,V,V,,,,1,,2,,12,Common word,謳歌 (sing the praises of)
5949,蒔,8494,Big5-2,HK / Hakka note,A,A,,V,,V,,,,92,,1,人,11,,蒔蘿；日語蒔繪 (dill; JP maki-e)
5452,坯,0576F,Big5-2,TW / Hakka,A,A,,V,,V,,,,,,4,,12,Common word,手拉坯 (hand-thrown pottery)
5486,拏,062CF,Big5-2,,A,A,,V,,V,,,,,,2,,12,Variant form,拿 (take / hold)
712,嘸,5638,Big5-2,,C,,,V,,V,,,,,,2,,14,Uncategorized,台語「嘸」／無；嘆詞 (TW Hokkien negative; interjection)
7549,嘧,5627,Big5-2,,,,,V,,V,,,,,,,,6,,嘧啶 (pyrimidine)
5392,鶘,09D98,Big5-2,,C,,,V,,V,,,,,,,,13,Flora & fauna,鵜鶘 (pelican)
5094,憋,0618B,Big5-2,,A,A,,V,,V,,,,,,,,13,Common word,憋尿 (hold in urine)
5648,鄞,0911E,Big5-1,,A,,,V,,V,,,2213,147,,4,,12,,"鄞州 (Yinzhou, Ningbo)"
5959,蜡,8721,Big5-2,,,,,V,,V,,,,,,4,,11,,蜡／蠟 (wax — simplified form)
5935,芾,082BE,Big5-1,,A,,,V,V,V,,,,6,,3,,11,,米芾 (Mi Fu (Song calligrapher))
5462,孖,05B56,Big5-2,,,B,,,,V,,,,,,3,,12,Cantonese,孖仔；粵語「孖」 (twins — Cantonese)
6262,秈,079C8,Big5-1,,A,,,V,,V,,,,1,,3,,10,,秈稻 (indica rice)
5305,譙,08B59,Big5-1,,A,,,V,,V,,,38,3,,3,,13,Common word,譙樓；姓氏 (watchtower; surname)
6662,跫,08DEB,Big5-2,,B,,,V,,V,,,,,,2,,9,,空谷足音／足音跫然 (footsteps echoing — literary)
5403,伎,04F0E,Big5-2,,A,A,,V,,V,,,,7,,1,常,12,Common word,伎倆 (trick / crafty tactic)
3344,纍,07E8D,Big5-2,,B,B,,V,V,V,,,,,,3,,14,Uncategorized,纍纍；牽纍 (clusters; implicate — often 累)
5322,迸,08FF8,Big5-1,TW,A,A,,V,V,V,,,,,,2,,13,Common word,迸發 (burst forth)
5469,嶠,05DA0,Big5-2,TW,A,A,,V,,V,,,,8,,3,,12,Common in naming,Common in company / shop names
5762,埴,057F4,Big5-2,,,A,,V,,V,,,,1,,1,人,11,Classical Chinese,黏埴；陶埴 (clay — classical)
5396,鼯,09F2F,Big5-1,,A,,,V,,V,,,,,,4,,13,Common word,鼯鼠 (flying squirrel)
5954,蚋,0868B,Big5-2,TW,C,,,V,,V,,,38,,,2,,11,,加蚋 (place name with 蚋 / midges)
5787,岭,05CAD,Big5-2,,A,,,V,,,,,,10,,4,,11,Variant form,嶺 (mountain ridge)
6954,脘,8118,Big5-2,,A,A,,V,,V,,,,,,3,,8,,胃脘 (gastric cavity / epigastrium — Chinese medicine)
6718,鯁,09BC1,Big5-2,,C,,,V,,V,,,,,,3,,9,,如鯁在喉 (like a fishbone stuck in the throat)
5084,彊,05F4A,Big5-1,,A,A,,V,,V,,,,18,,1,,13,Common word,仁愛吾彊condo
6210,溱,06EB1,Big5-2,,A,A,,V,,V,,,,183,,3,,10,,溱洧；河名 (Zhen/Wei rivers — 詩經)
3942,襬,0896C,Big5-1,,A,,,V,V,V,,,,,,,,14,Uncategorized,裙襬；衣襬 (hem of a skirt/garment)
5013,与,04E0E,Big5-2,,,,,V,,,,,,,,1,常,13,Variant form,與 (and / with / give)
5202,碇,7887,Big5-2,TW,A,A,,V,,V,36,47,,11,10,1,,13,Taiwan place name,石碇 (Shiding (New Taipei))
6304,菔,083D4,Big5-1,,A,,,V,,V,,,,2,,4,,10,,萊菔 (radish)
6910,玦,073A6,Big5-2,,,,,V,,V,,,,11,,3,,8,,玉玦 (jade ring with a gap (玦))
5852,殫,06BAB,Big5-2,,C,,,V,V,V,,,,,,2,,11,Common word,殫思竭慮 (exhaust all thought and care)
3823,蜆,8706,Big5-1,HK / Hakka note,A,A,,V,,V,,,,,,2,,14,Uncategorized,蜆仔；蛤蜆 (clam / freshwater clam)
6017,雰,096F0,Big5-2,,,A,,V,,V,,,,162,,1,常,11,,氣氛（雰圍氣）日語借；雰霧 (atmosphere — JP 雰囲気; mist literary)
5036,哞,054DE,Big5-2,,C,,,,V,,,,,,,,,13,Common word,Cattle sound
3562,舖,8216,Big5-2,TW,B,,,V,,V,,,,,42,2,,14,Uncategorized,店舖；床舖 (shop; bed — often 鋪)
5112,晞,0665E,Big5-1,,A,A,,V,,V,,,,103,,2,,13,Common word,白露未晞 (white dew not yet dry (詩經))
3152,筱,07B71,Big5-2,HK / Hakka note,B,B,,V,,V,,,3,6441,,2,,14,Uncategorized,竹筱；多用於人名 (slender bamboo; names)
5158,烟,070DF,CJK,,A,A,,,,V,,,,13,,2,,13,Variant form,煙 (smoke / cigarette)
6857,摭,0646D,Big5-1,,A,,,V,,V,,,,1,,3,,8,,摭拾 (pick up / collect — literary)
6868,昃,6603,Big5-2,,,,,V,,V,,,,1,,2,,8,,千字文 (Thousand Character Classic)
5710,俥,04FE5,CJK,,B,,,,,,,,,,,2,,11,Occasionally used,Chinese chess (象棋)
5509,椹,6939,Big5-2,TW,B,,,V,,V,,,,,,2,,12,Food,桑椹 (mulberry)
1893,晾,0667E,Big5-1,TW / Hakka,A,A,,V,V,V,,,,,,,,14,Uncategorized,晾乾；晾曬 (air-dry; sun clothes)
2156,欸,06B38,Big5-2,TW / Hakka,C,,,V,V,V,,,1,,,2,,14,Uncategorized,欸（嘆詞） (interjection: eh / hey)
6343,蹇,8.00E+47,Big5-2,,A,A,,V,,V,,,46,4,,2,,10,,蹇滯；跛蹇 (hampered; lame — literary)
5156,瀲,7032,Big5-1,,A,,,V,,V,,,,2,,2,,13,Classical Chinese,水光瀲灩晴方好 (rippling water shines best in fair weather (飲湖上初晴後雨))
6103,埆,057C6,Big5-2,TW,C,,,V,,V,,,,,,2,,10,,土埆厝 (adobe / rammed-earth house)
4463,鈎,0920E,CJK,,A,A,,,,V,,1,,,,1,,14,Uncategorized,鈎子／鉤 (hook — variant of 鉤)
5865,浯,06D6F,Big5-2,,C,,,V,,V,,4,,2,,,,11,Taiwan place name,浯江 (Wu River (Kinmen))
6020,頇,9807,Big5-2,TW,C,,,V,,V,,,,,,,,11,,顢頇 (muddle-headed)
3390,翊,07FCA,Big5-2,,A,A,,V,,V,,,,3554,,2,,14,Uncategorized,翊贊；多用於人名 (assist; names)
6499,挲,6332,Big5-2,TW / Hakka,B,,,V,,V,,,,,,4,,9,,摩挲 (stroke / caress)
6317,虯,0866F,Big5-2,TW,B,,,V,,V,,,,,,4,,10,,虯龍 (qiulong — curly young dragon)
5227,綉,07D89,CJK,,B,,,,,V,,,,513,,2,,13,Surname / personal name,刺綉／刺繡 (embroidery — variant of 繡)
1464,愷,6137,Big5-1,,A,A,,V,,V,,,4,1768,,3,,14,Uncategorized,愷悌；多用於人名 (amiable; names)
5198,瞅,7785,Big5-2,TW,A,A,,V,,V,,,,,,,,13,Common word,瞅一眼 (take a glance)
6032,鯔,09BD4,Big5-2,,C,,,V,,V,,,,,,2,,11,,鯔魚 (mullet)
5482,惊,060CA,Big5-2,,,,,,,,,,,,,,,12,Simplified form,驚 (startle / frighten)
5896,疱,075B1,CJK,TW,,A,,,,V,,,,,,2,,11,,疱疹 (herpes)
5780,孅,05B45,Big5-2,,,,,V,,V,,,,4,,2,,11,Common in naming,纖孅；多用於名 (slender delicate; names)
6671,迓,08FD3,Big5-2,,B,,,V,,V,,,,,,4,,9,,迎迓 (welcome / greet — literary)
3230,糬,07CEC,Big5-2,HK / Hakka note,C,,,V,V,V,,,,,,,,14,Uncategorized,麻糬 (mochi / sticky rice cake)
7033,雒,096D2,Big5-1,,A,,,V,,V,,,20,1,,3,,8,,雒陽／洛陽古寫 (old graph for Luo in Luoyang)
6491,憮,061AE,Big5-1,,A,A,,V,,V,,,,,,2,,9,,憮然 (disappointed / blank — classical)
6373,鎵,093B5,Big5-2,,C,,,V,,V,,,,25,,,,10,,"鎵 (gallium, Ga)"
5244,胝,080DD,Big5-1,,A,,,V,V,V,,,,,,2,,13,Common word,胼胝體 (corpus callosum)
6153,摃,6443,Big5-2,TW,B,,,V,,,,,,,,,,10,,台語摃；摃棒 (TW: hit/strike; club)
5755,圮,0572E,Big5-2,,C,,,V,V,V,,,,,,,,11,,傾圮 (collapse — of buildings)
5595,胜,080DC,Big5-2,,A,,,V,,V,,,,,,,,12,Common word,Peptide (胜肽); also simplified 勝
5030,凄,051C4,Big5-2,,,A,,V,,,,,,,,1,常,13,Variant form,淒 (bleak / chilly / sorrowful)
1716,摀,6440,Big5-2,,C,,,V,V,V,,,,,,,,14,Uncategorized,摀住；摀耳朵 (cover with hand; cover ears)
610,哽,054FD,Big5-1,TW / Hakka,A,A,,V,V,V,,,,,,2,,14,Uncategorized,哽咽 (choke with sobs)
5613,蔘,8518,Big5-2,,A,A,,V,,V,,,,10,,2,,12,Flora & fauna,人蔘 (ginseng)
5604,苫,082EB,Big5-2,,,,,V,,V,,,9,1,2,1,,12,World place name,苫小牧 (Tomakomai (Japan))
6462,姮,059EE,Big5-2,,A,A,,V,,V,,,,217,,4,,9,,姮娥／嫦娥 (Chang’e — moon goddess)
3205,籽,07C7D,Big5-1,HK / Hakka note,A,A,,V,V,V,,1,,3,,,,14,Uncategorized,種子；菜籽 (seed)
5684,鬻,09B3B,Big5-2,,,,,V,V,V,,,,,,2,,12,Classical Chinese,鬻文；鬻賣 (sell writings; sell — classical)
4774,飆,098C6,Big5-2,TW / Hakka,B,B,,V,V,V,,,,1,,2,,14,Uncategorized,狂飆；飆車 (hurricane gale; street racing)
5805,懌,061CC,Big5-2,,,,,V,,V,,,,75,,2,,11,Common in naming,悅懌；多用於人名 (pleased; names)
5259,荃,8343,Big5-1,,A,A,,V,,V,,,,427,,3,,13,Surname / personal name,荃察；香草名亦入人名 (fragrant plant; names — literary)
6330,詡,08A61,Big5-2,,C,,,V,,V,,,,17,,3,,10,,自詡 (boast / style oneself as)
5076,嵯,05D6F,Big5-1,TW,A,A,,V,,V,,,,,,1,人,13,World place name,嵯峨 (steep mountains); also 嵯峨野
5384,魠,09B60,Big5-2,TW,C,,,V,,V,,,,,,,,13,Common word,土魠魚 (Spanish mackerel (土魠))
5537,犇,7287,CJK,,C,,,,,V,,,,,,2,,12,Variant form,犇牛堡; variant of 奔
6544,洎,06D0E,Big5-1,HK / Hakka note,A,,,V,,V,,,,2,,3,,9,,洎乎 (by the time that — classical)
3880,衊,0884A,Big5-2,,C,,,V,,V,,,,,,4,,14,Uncategorized,污衊 (slander / defame)
1894,暄,6684,Big5-1,,A,A,,V,V,V,,,,735,,2,,14,Uncategorized,暄騰；寒暄 (warm; exchange greetings)
5497,晷,6677,Big5-1,,A,A,,V,V,V,,,,,,3,,12,Common word,日晷 (sundial)
5948,葺,0847A,Big5-2,,A,A,,V,,V,,,,,,1,人,11,,修葺 (repair — roofs/buildings)
5419,刖,5216,Big5-1,,A,,,V,,V,,,,,,4,,12,Historical / geographic,古刑罰 (ancient punishment)
6761,偭,0506D,Big5-1,,A,,,V,,V,,,,,,,,8,,Li Sao: 偭規矩而改錯
3630,茨,8328,Big5-1,,A,A,,V,V,V,,,,25,39,1,常,14,Uncategorized,茅茨；茨菰 (thatch; arrowhead plant)
5327,邋,0908B,Big5-1,HK / Hakka note,A,,,V,,V,,,,,,,,13,Common word,邋遢 (slovenly / messy)
1130,屌,05C4C,Big5-2,HK / Hakka note,B,,,V,,V,,,,,,,,14,Uncategorized,粗話「屌」；粵語常用 (vulgar slang; common in Cantonese)
5449,囓,056D3,Big5-2,HK / Hakka note,C,,,V,,,,,,,,2,,12,Variant form,齧 (gnaw / nibble)
6606,緡,07DE1,Big5-2,,A,A,,V,V,V,,,,4,,2,,9,,緡錢；稅緡 (string of cash — classical fiscal)
5926,繰,7.00E+70,Big5-2,,,A,,V,,V,,,,,,1,常,11,Japanese,日語「繰り」用字；繰絲 (JP graph; reel silk)
5664,鋌,092CC,Big5-2,,A,A,,V,,V,,,,24,,3,,12,Common word,鋌而走險 (take a desperate risk)
6584,硿,0787F,Big5-1,TW,A,,,,,,,1,,,,,,9,,象聲／地名偶見 (rare onomatopoeia or place)
5149,滕,06ED5,Big5-1,,A,A,,V,,V,,,1938,137,55,2,,13,Surname / personal name,滕州；姓氏 (Tengzhou; surname)
6966,薤,085A4,Big5-2,,,,,V,,V,,,,,,2,,8,,五辛之一 (one of the five pungent spices)
5184,璿,074BF,Big5-1,TW,A,A,,V,,V,,,,972,,3,,13,Surname / personal name,璿璣；多用於人名 (armillary; names — variant of 璇)
7813,皤,076A4,Big5-2,,C,,,V,,V,,,,,,,,6,,白髮皤皤 (white-haired / hoary)
5994,鉬,0926C,Big5-2,,C,,,V,,V,,,,,,,,11,,"鉬 (molybdenum, Mo)"
5317,蹭,08E6D,Big5-2,HK / Hakka note,A,,,V,,V,,,,,,4,,13,Common word,蹭熱度 (piggyback on a trend / clout-chase)
5409,偲,5072,Big5-2,,A,,,V,,V,,,,343,,1,人,12,,切磋偲偲？；多用於名 (classical mutual exhortation; names)
6124,嵬,05D6C,Big5-2,HK / Hakka note,,A,,V,V,V,,,1,,,2,,10,,Suggest moving 「嵬」 from local to basic set. Related to 「巍」 (巍峨/嵬峨); place name 「馬嵬」 is common in history/literature.
5237,纛,07E9B,Big5-2,,A,A,,V,,V,,,,,,2,,13,Classical Chinese,纛旗 (large military banner)
1873,昱,6631,Big5-1,TW / Hakka,A,A,,V,V,V,,,,8510,,3,,14,Uncategorized,明日昱；多用於人名 (bright sun; names)
6396,鴃,09D03,Big5-1,HK / Hakka note,A,,,V,,V,,,,,,2,,10,,鵑鴃／伯勞類古名 (shrike — classical bird name)
7690,枵,067B5,Big5-2,TW / Hakka,,,,V,,V,,,,,,,,6,,枵腹從公 (serve the public on an empty stomach)
6629,臢,8.10E+03,Big5-1,TW,A,,,V,,V,,,,,,,,9,,腌臢 (filthy / nauseating — colloquial)
5355,鎘,9398,Big5-1,,A,,,V,,V,,,,,,,,13,Science & engineering,Periodic-table element
5790,嶙,05D99,Big5-2,,B,B,,V,,V,,,,35,,4,,11,Common in naming,嶙峋 (jagged / gaunt)
2150,欒,06B12,Big5-2,,A,A,,V,,V,,,1302,55,,2,,14,Uncategorized,欒樹；姓氏 (Koelreuteria; surname)
6236,獪,0736A,Big5-2,,,A,,V,,V,,,,,,2,,10,,狡獪 (cunning)
5791,巿,05DFF,Big5-2,,C,,,V,,V,,6,,,,,,11,,Usually a typo for 市
5741,喨,055A8,Big5-2,TW,B,,,V,,V,,,,93,,2,,11,Surname / personal name,嘹喨／嘹亮異體；多用於名 (clear resonant sound; names)
9114,䠷,4837,ExtA,,,,,,,,,,,,,,,4,,"Suggest adding 「䠷」 to the basic set; common word 「高䠷」. Big-5 lacked it, so 「高挑」 often substituted. Still common in modern Chinese and school dictionaries."
6374,隹,096B9,Big5-1,,A,,,V,,V,,,,,,2,,10,,隹部；短尾鳥 (radical for short-tailed birds)
6337,譫,08B6B,Big5-1,HK / Hakka note,A,,,,,V,,,,,,2,,10,,譫妄；譫語 (delirium; delirious speech)
5407,俬,04FEC,Big5-2,,B,B,,,,,,,,,,,,12,Common word,家俬 (furniture (Cantonese))
5162,煒,7152,Big5-2,,B,B,,V,V,V,,,,1817,,3,,13,Surname / personal name,多用於人名 (bright red fire; names)
5386,鰈,09C08,Big5-2,,B,,,V,,V,,,,,,2,,13,Common word,鶼鰈情深 (deep conjugal affection (legendary birds/fish pair))
5251,芎,0828E,Big5-2,TW / Hakka,A,A,,V,,V,47,69,71,5,2,3,,13,Common word,九芎 (Lagerstroemia / Taiwan crepe myrtle)
6355,邶,090B6,Big5-1,,A,,,V,,V,,,,,,4,,10,,邶風（詩經） (Bei airs — Classic of Poetry)
7049,鴟,09D1F,Big5-2,TW,,,,,,V,,,,,,2,,8,,鴟鴞 (bā-hio̍h / ㄔㄒㄧㄠ)
6417,伋,04F0B,Big5-1,,A,A,,V,,V,,,4,6,,3,,9,,孔伋（子思）；人名 (Kong Ji / Zisi; names)
5740,喎,0558E,Big5-2,,,B,,,,V,,,,,,3,,11,Cantonese,喎斜；粵語「喎」 (crooked mouth; Cantonese particle)
6521,昤,6624,Big5-1,,A,A,,,,,,,,1,,3,,9,,多用於人名 (bright; names)
5957,蛐,086D0,Big5-1,,A,A,,V,,V,,,,,,,,11,,蛐蛐（蟋蟀） (cricket)
5596,脛,0811B,Big5-2,HK / Hakka note,A,A,,V,,V,,,,,,2,,12,Common word,不脛而走 (spread like wildfire)
5618,蘢,8622,Big5-2,,,C,,V,,V,,,,1,,2,,12,Common in naming,蔥蘢；多用於名 (lush green; names)
7183,忮,05FEE,Big5-2,,C,,,V,,V,,,,,,4,,7,,不忮不求 (neither envious nor covetous)
6731,黌,09ECC,Big5-1,,A,,,V,,V,,,,13,,2,,9,,黌宮；庠黌 (school — classical)
5087,忪,05FEA,Big5-1,,A,,,V,V,V,,,,,,,,13,Common word,睡眼惺忪 (sleepy-eyed / half-awake)
5064,嫺,05AFA,Big5-2,,B,B,,,,V,,,,803,,2,,13,Surname / personal name,Common in personal names
5302,謔,08B14,Big5-2,TW,A,A,,V,V,V,,,,,,2,,13,Common word,戲謔 (banter / jest)
5837,槙,069D9,Big5-2,,A,,,,,,,,,15,,1,人,11,Common in naming,日語人名地名用（槇） (JP name/place tree character)
4558,鑫,0946B,Big5-2,TW,B,B,,V,,V,,4,,1763,,3,,14,Uncategorized,多用於商號人名（金多） (auspicious “much gold”; shop/personal names)
11212,辵,08FB5,CJK,,,,,,,V,,,,,,3,,3,,辵部／走之底本字相關 (radical 162 “walk” form)
7523,匭,0532D,Big5-2,,C,,,V,,V,,,,,,,,6,,票匭、字匭 (ballot box / letter box (匭))
5530,瀣,7023,Big5-2,,A,A,,V,,V,,,,,,4,,12,,沆瀣一氣 (hand in glove / collude)
5873,漚,06F1A,Big5-2,TW / Hakka,C,,,V,,V,,,,1,,3,,11,Common word,漚肥；粵語「漚」 (compost soak; Cantonese “soak/stew”)
6988,豳,08C73,Big5-1,,A,,,V,,V,,,,,,4,,8,,豳風（詩經） (Bin airs — Classic of Poetry)
3312,緹,07DF9,Big5-1,,A,A,,V,,V,,,,107,,4,,14,Uncategorized,緹騎；緹色 (constables; orange-red silk — classical)
4030,誹,08AB9,Big5-1,TW,A,A,,V,,V,,,,,,1,,14,Uncategorized,誹謗 (slander)
1898,暐,6690,Big5-2,,A,A,,V,,V,,,,1851,,4,,14,Uncategorized,暐曄；多用於人名 (bright; names)
3691,葚,0845A,Big5-2,,B,,,V,V,V,,,,1,,4,,14,Uncategorized,桑葚 (mulberry)
259,儕,5115,Big5-1,HK / Hakka note,A,A,,V,,V,,,,23,,2,,14,Uncategorized,同儕；儕輩 (peers)
5239,耄,8004,Big5-1,,A,,,V,,V,,,,2,,2,,13,Classical Chinese,耄耋之年 (advanced old age (80–90))
5659,鉞,0925E,Big5-2,,A,A,,V,,V,,,,45,,2,,12,Common in naming,斧鉞；黃鉞 (battle-axe of authority)
6955,脰,8130,Big5-1,TW,A,,,V,,V,,,,,,,,8,,斷脰 (neck — classical)
143,侄,04F84,Big5-2,,A,A,,V,,V,,,,,,,,14,Uncategorized,姪／侄 (brother’s child)
6214,瀅,7005,Big5-2,,A,A,,V,,V,,,,1047,,3,,10,Surname / personal name,清瀅；多用於人名 (clear water; names)
5027,冪,051AA,Big5-1,,A,A,,V,,V,,,,,,2,,13,Science & engineering,降冪 (descending power / descending order)
6421,僇,050C7,Big5-1,,A,,,V,,V,,,,,,4,,9,,僇辱；受僇 (humiliate; be punished — classical)
6036,鱲,09C72,CJK,TW,B,,,,,,,,,,,4,,11,,赤鱲角 (Chek Lap Kok — HK)
1770,擷,064F7,Big5-1,,A,A,,V,,V,,,,5,,3,,14,Uncategorized,擷取；採擷 (capture/extract; pick)
8780,莩,083A9,Big5-2,,,A,,V,,V,,,,,,3,,5,,民有飢色野有餓莩 (people look starved; corpses in the fields)
6800,噍,0564D,CJK,TW / Hakka,,,,,,V,,2,,,,,,8,,噍吧哖事件 (Tapani Incident (1915 Taiwan))
5126,槃,069C3,Big5-1,,A,A,,V,,V,,,,3,,2,,13,Common word,涅槃 (nirvana)
5732,咔,5494,CJK,,B,,,,,,,,,,,,,11,Onomatopoeia,咔擦 (click / snap (onomatopoeia))
6893,湟,06E5F,Big5-1,,A,A,,V,,V,,,,31,,2,,8,,"湟水；西寧湟 (Huang River, Qinghai)"
2499,灝,0705D,Big5-2,,A,A,,V,,V,,,,225,,3,,14,Uncategorized,浩灝；多用於人名 (vast waters; names)
6566,琚,0741A,Big5-2,,B,,,V,,V,,,,11,,3,,9,,瓊琚；佩琚 (jade pendant — literary/names)
5279,蛞,086DE,Big5-1,HK / Hakka note,A,,,V,,V,,,,,,2,,13,Flora & fauna,蛞蝓 (slug)
5889,瑭,0746D,Big5-1,,A,,,,,,,,,76,,3,,11,Common in naming,多用於人名 (jade; names)
5297,詒,08A52,Big5-2,,C,,,V,,V,,1,,243,,2,,13,Surname / personal name,Common in personal names
1179,崴,05D34,Big5-1,,A,,,V,,V,,,,845,1,,,14,Uncategorized,海參崴；崴腳 (Vladivostok Chinese name; sprain ankle)
5400,仝,04EDD,Big5-2,TW,A,A,,V,V,V,,,203,14,,,,12,Variant form,Same as / related: 同
7443,阨,9628,Big5-2,,C,,,V,,V,,,,,,2,,7,,困阨 (dire straits / hardship)
6001,鋏,092CF,Big5-2,TW,A,A,,V,,V,,,,,,2,,11,,鐵鋏；夾鋏 (tongs / metal clip)
5979,賸,08CF8,Big5-1,,A,,,V,,V,,,,15,,3,,11,,賸餘／剩餘異體 (remainder — variant of 剩)
6027,魟,09B5F,Big5-2,,C,,,,,V,,,,,,,,11,,魟魚 (stingray)
7219,晬,0666C,Big5-2,TW,,,,V,,V,,,,,,4,,7,,周晬 (first birthday (full year))
6082,啷,5577,Big5-2,HK / Hakka note,B,,,V,,V,,,,,,,,10,,哐啷；叮噹啷 (clanging onomatopoeia)
6514,擀,064C0,CJK,,,,,,,V,,,,,,,,9,,擀麵 (roll dough / hand-pulled noodles prep)
5503,柘,067D8,Big5-2,,,,,V,,V,,,2,6,,1,人,12,Flora & fauna,桑柘; common in personal names
6006,鎩,093A9,Big5-2,,C,,,V,,V,,,,,,,,11,,鎩羽而歸 (return with clipped wings — frustrated failure)
5461,嬲,05B32,Big5-2,,,B,,V,,V,,,,,,2,,12,Occasionally used,嬲人；粵語「嬲」 (tease/annoy; Cantonese “angry”)
5335,酶,9176,CJK,,A,,,,,V,,,,,,,,13,Science & engineering,酵素 (enzyme / fermented enzyme drink)
1362,忑,05FD1,Big5-2,,B,B,,V,V,V,,,,,,,,14,Uncategorized,忐忑 (nervous) — with 忐
6167,晢,6662,Big5-2,,B,B,,V,,V,,,,68,,2,,10,,昭晢；明晰 (bright/clear — classical)
5874,澔,06F94,Big5-2,,A,A,,V,,V,,,,409,,3,,11,Surname / personal name,澔澔；多用於人名 (vast water; names)
5789,嶔,05D94,Big5-1,,A,,,V,,V,,,,84,,4,,11,Common in naming,嶔崟；多用於名 (lofty mountains; names)
6569,瑠,7460,CJK,,A,A,,,,,,,,,,1,常,9,,瑠公圳 (Liugong Canal (Taipei))
5331,鄔,9114,Big5-2,TW,B,B,,V,,V,,,2841,149,,3,,13,Surname / personal name,姓氏 (surname Wu)
1665,掐,6390,Big5-2,,A,A,,V,V,V,,,,,,,,14,Uncategorized,掐斷；掐指一算 (pinch off; count on fingers)
5803,慓,6153,Big5-2,,A,A,,V,,V,,,,,,2,,11,Common word,慓悍 (fierce and agile)
38,乜,04E5C,Big5-2,TW / Hakka,B,B,,V,,V,,,46,,,,,14,Uncategorized,乜水；粵語「乜」 (squint; Cantonese “what”)
6174,枓,6793,Big5-1,,A,A,,V,,V,,,,,,3,,10,,枓栱／斗栱構件 (dougong bracket element)
5229,綬,07DAC,Big5-1,,A,A,,V,,V,,,,7,,1,,13,Flora & fauna,綬草 (also many company names)
5308,貅,08C85,Big5-2,,,,,V,,V,,,,,,2,,13,Flora & fauna,貔貅 (mythic beast); common in company names
5442,唰,5530,Big5-2,,B,,,V,,,,,,,,,,12,Common word,Onomatopoeia
6541,氘,06C18,Big5-2,,,,,V,,V,,,,,,,,9,,氘 (deuterium)
5983,跖,08DD6,Big5-2,,,,,V,,V,,,,,,2,,11,,跖骨；盜跖 (metatarsal; Robber Zhi — classical)
6041,鸛,09E1B,Big5-1,,A,,,V,V,V,,,,2,,2,,11,,鸛鳥 (stork)
5855,氙,06C19,Big5-2,,B,,,V,,V,,,,,,,,11,,Chemical element
5115,曄,066C4,Big5-1,,A,A,,V,,V,,,,851,,2,,13,Surname / personal name,曄曄；多用於人名 (bright flourishing; names)
6537,橾,06A7E,Big5-1,,A,,,V,,,,,,,,4,,9,,船橾；罕用 (rare; ship part / name uses)
5881,焿,0713F,CJK,HK / Hakka note,C,,,,,V,,1,,,,,,11,,Common folk character for 羹
1177,崧,05D27,Big5-1,,A,A,,V,,V,,2,,452,,3,,14,Uncategorized,崧嶽；嵩之異體語境 (lofty sacred peaks; related to 嵩)
3577,艋,0824B,Big5-1,TW,A,,,V,V,V,,1,,,,4,,14,Uncategorized,"艋舺 (Bangka / Wanhua, Taipei)"
1555,扑,6251,Big5-1,TW,A,,,V,,V,,,,,,4,,14,Uncategorized,扑／撲；扑滿？ (variant of 撲; also simplified contexts)
3597,芮,082AE,Big5-2,,A,A,,V,,V,,,476,435,,3,,14,Uncategorized,芮氏規模；姓氏 (Richter scale; surname)
5941,菀,083C0,Big5-2,,B,,,V,,V,,,,823,,3,,11,Surname / personal name,紫菀；入名常用 (aster; names)
5588,罫,07F6B,Big5-2,,,A,,V,,V,,,,,,1,,12,Common word,罫線 (ruled lines / grid lines)
5660,鉦,9266,Big5-2,,A,A,,V,,V,,,,326,,1,,12,Common in naming,古樂器 (ancient musical instrument)
5373,饌,0994C,Big5-2,,A,A,,V,,V,,,,,,2,,13,Common word,"有酒食，先生饌 (when there is food and wine, serve the elders first (論語))"
6207,渼,06E3C,Big5-2,,A,A,,V,,V,,,,55,,4,,10,,多用於人名；水波美 (names; beautiful water)
5248,舘,8218,CJK,,A,,,,,,,30,,,,1,,13,Variant form,館 (hall / restaurant / gallery)
5888,珩,7.30E+10,Big5-2,,A,A,,V,,V,,2,,324,,3,,11,,佩珩；多用於人名 (jade pendant; names)
1883,晟,0665F,Big5-2,TW / Hakka,A,A,,V,,V,,,,1701,,2,人,14,Uncategorized,晟德；多用於人名 (bright prosperity; names)
6067,凃,051C3,CJK,Clearer with Taiwanese literacy,C,,,,,,,,16447,645,,3,,10,Surname / personal name,姓氏「凃／涂」 (surname Tu — variant)
3232,糰,07CF0,Big5-1,HK / Hakka note,A,,,V,V,V,,,,,,,,14,Uncategorized,飯糰；團子 (rice ball) — often 團
6448,嚆,5686,Big5-2,,,A,,V,,V,,,,,,2,,9,,嚆矢 (harbinger / first signal — literary)
5899,瘖,7616,Big5-2,,C,,,V,V,V,,,,,,3,,11,,瘖啞人士 (deaf-mute / mute person (瘖啞))
3720,蓊,084CA,Big5-1,HK / Hakka note,A,,,V,V,V,,,,2,,2,,14,Uncategorized,蓊鬱 (luxuriant)
5221,糴,07CF4,Big5-2,TW / Hakka,B,,,V,,V,,,21,6,,2,,13,Common word,More common in agrarian times; today mostly in place names
5953,藜,085DC,Big5-2,,A,A,,V,,V,,,,32,,2,,11,,藜麥 (quinoa)
5638,踊,08E0A,Big5-2,,A,A,,V,,V,,,,,,1,常,12,Common word,日本舞踊 (Japanese classical dance (nihondbuyo))
5901,皸,076B8,Big5-2,,C,,,V,,V,,,,,,2,,11,Occasionally used,皸裂 (chapping / 龜裂); also seen in Japanese
6575,痤,7.50E+05,Big5-2,,B,,,V,,V,,,,,,3,,9,,痤瘡 (acne)
7276,璁,7481,Big5-2,,B,,,V,,V,,,,504,,4,,7,Surname / personal name,多用於人名 (blue jade; names)
6014,陜,0965C,Big5-2,,A,A,,V,,V,,1,,,,2,,11,,陜／陝 混用需慎；古通假語境 (historically related to 陝 — use carefully)
8038,酞,0915E,CJK,,,,,,,,,,,,,,,6,,酚酞 (phenolphthalein)
653,喆,5586,CJK,,,A,,,,V,,,,293,,3,,14,Uncategorized,喆＝哲異體；多用於人名 (variant of 哲; names)
5293,裱,088F1,Big5-2,TW,B,B,,V,,V,,,,,,4,,13,Common word,裱匡 (mount and frame (artwork))
3621,苹,082F9,Big5-2,,A,,,V,,V,,,,450,,2,,14,Uncategorized,食野之苹（詩經） (plant in Deer Call ode — not 蘋果’s 蘋)
4059,謐,08B10,Big5-1,,A,A,,V,V,V,,,,16,,2,,14,Uncategorized,安謐；靜謐 (peaceful / tranquil)
5330,郤,9.00E+05,Big5-2,,C,,,V,,V,,,52,4,,2,,13,Variant form,隙; also rare surnames
5561,眥,7725,Big5-2,HK / Hakka note,C,,,V,,V,,,,1,,2,,12,,眥睚必報 (avenge even a tiny slight)
5263,菓,083D3,CJK,,A,A,,,,V,,8,,5,,1,常,13,Food,菓子 (wagashi / confection (菓子))
722,噠,5660,Big5-2,,C,,,V,,V,,,,1,,4,,14,Uncategorized,韃靼舊譯相關；句末「噠」偶見 (rare; particle/onomatopoeia)
5611,蓖,084D6,Big5-2,,A,,,V,,V,,,,,,2,,12,Flora & fauna,蓖麻 (castor plant)
5698,龕,09F95,Big5-2,TW / Hakka,A,A,,V,V,V,,,,,,2,,12,,神龕 (shrine / household altar niche)
1432,惇,060C7,Big5-1,HK / Hakka note,A,A,,V,,V,,,,329,,1,人,14,Uncategorized,惇厚；多用於人名 (honest kindly; names)
5704,伃,04F03,CJK,,,,,,,V,,,,1439,,3,,11,Surname / personal name,婕伃／婕妤；人名 (court title; names)
5289,蟠,8.70E+01,Big5-1,,A,A,,V,V,V,,,,2,,2,,13,Common word,蟠桃 (flat peach / mythical peach of immortality)
11000,蠊,0880A,Big5-2,,,,,,,,,,,,,3,,3,,蜚蠊() (cockroach)
10507,櫱,06AF1,Big5-2,,,,,V,,V,,,,,,4,,3,,萌櫱 (sprouts from a stump)
5514,櫟,06ADF,Big5-2,,B,,,V,,V,,,,5,,2,,12,Flora & fauna,櫟樹 (oak)
1335,徉,05F89,Big5-1,,A,A,,V,V,V,,,,3,,3,,14,Uncategorized,徜徉 (wander at ease)
3601,芷,082B7,Big5-1,TW / Hakka,A,A,,V,,V,,,,2916,,3,,14,Uncategorized,白芷 (Angelica dahurica)
5249,舺,0823A,Big5-2,TW,C,,,V,V,V,,1,,,,,,13,Taiwan place name,艋舺 (Bangka / Wanhua (Taipei))
1782,攢,6522,Big5-2,TW,B,B,,V,,V,,,,3,,3,,14,Uncategorized,積攢；攢錢 (save up / scrape together)
6100,坳,5773,Big5-2,TW,B,,,V,,V,,,,,,4,,10,,山坳 (mountain col / hollow)
5846,櫨,06AE8,Big5-2,,,,,V,,V,,,,,,1,,11,Flora & fauna,黃櫨 (smoke tree)
5314,踮,08E2E,Big5-2,TW,B,,,V,V,V,,,,,,,,13,Common word,踮腳尖 (stand on tiptoe)
5378,鬟,09B1F,Big5-2,,C,,,V,V,V,,,,,,2,,13,Common word,丫鬟 (maidservant)
5374,驁,09A41,Big5-2,,C,,,V,,V,,,,,,,,13,Common word,桀驁不馴 (unruly / defiant)
5871,滉,06EC9,Big5-2,HK / Hakka note,A,A,,V,,V,,,,8,,2,人,11,Japanese,Japanese personal name
5205,禳,079B3,Big5-1,,A,A,,V,,V,,,,,,2,,13,Geography / society,Jade Second Goddess ritual for plague relief / blessing
5353,鍘,9358,Big5-2,TW,C,,,V,V,V,,,,,,,,13,Common word,虎頭鍘 (tiger-head guillotine (execution tool))
5253,芫,082AB,Big5-2,TW,B,,,V,,V,,,,176,,2,,13,Common word,芫荽 (cilantro / coriander)
5344,鉚,0925A,Big5-1,,A,,,V,,V,,,,,,2,,13,Classical Chinese,鉚釘 (rivet)
5964,衾,0887E,Big5-2,,,A,,V,,V,,,,3,,2,,11,,衾枕；布衾 (quilt / coverlet)
5967,褔,8914,Big5-2,,B,,,V,,V,,30,,10,,,,11,,福字異體「褔」；衣福義罕 (variant-related auspicious graph; rare)
7462,鯝,09BDD,CJK,,C,,,,V,,,,,,,4,,7,,鯝魚 (a kind of carp / xenocypris)
6937,簋,07C0B,Big5-2,,,,,V,,V,,,,,,4,,8,,故宮文物 (National Palace Museum artifact)
5401,仨,04EE8,Big5-2,,,,,V,,V,,,,,,,,12,Surname / personal name,Common in company / shop names
5573,竑,07AD1,Big5-2,,B,,,V,,V,,,,255,,4,,12,Common in naming,多用於人名 (vast; names)
5283,蝟,0875F,Big5-2,,A,A,,V,V,V,,,,,1,2,,13,Flora & fauna,刺蝟 (hedgehog)
5761,埡,5.70E+02,Big5-2,,C,,,,V,,,,,,,,,11,,埡口 (mountain pass / saddle)
7046,髡,09AE1,Big5-1,TW,A,,,V,,V,,,,,,,,8,,髡刑；髡首 (ancient hair-shaving punishment)
5042,嗲,055F2,Big5-2,TW / Hakka,B,B,,V,,V,,,,,,,,13,Common word,聲音很嗲 (cutesy / coquettish voice)
8549,氕,06C15,Big5-2,,,,,V,,V,,,,,,,,5,,"氕氘氚 (protium, deuterium, tritium)"
5048,囫,056EB,Big5-1,TW / Hakka,A,,,V,V,V,,,,,,,,13,Common word,囫圇吞棗 (swallow dates whole — accept without digesting)
7236,樨,06A28,Big5-2,,,,,V,,V,,,,2,,,,7,,木樨 (osmanthus)
5779,嬖,05B16,Big5-2,,,A,,V,,V,,,,2,,2,,11,Classical Chinese,Occasionally used in naming
5377,髖,09AD6,Big5-1,,A,A,,V,,V,,,,,,3,,13,Common word,髖關節 (hip joint)
6120,屘,05C58,Big5-1,TW,A,,,V,,V,,,,,,,,10,,屘仔（閩客最小子） (youngest child — Min/Hakka)
6058,僉,050C9,Big5-2,,A,A,,V,,V,,,,,,2,,10,,僉議；僉同 (all together agree — classical)
5564,碁,7881,Big5-2,,A,A,,,,V,,,,24,,1,常,12,,宏碁 (Acer (宏碁))
5579,粲,07CB2,Big5-2,,A,A,,V,,V,,,,42,2,2,,12,Common in naming,粲然；玉粲 (bright smile; bright — literary)
5107,擢,6.40E+03,Big5-1,TW,A,A,,V,V,V,,,,1,,1,人,13,Common word,擢髮難數 (countless as hairs on a head)
2356,淼,06DFC,Big5-2,,B,B,,V,,V,,,,95,,3,,14,Uncategorized,淼茫；多用於人名 (vast waters; names)
5169,獼,0737C,Big5-2,,B,B,,V,V,V,,,,,,3,,13,Flora & fauna,🐒 (monkey)
1790,攸,6538,Big5-1,,A,A,,V,V,V,,,13,159,,2,,14,Uncategorized,性命攸關；攸縣 (related to; You County)
6543,泫,06CEB,Big5-2,,,A,,V,,V,,,,18,,3,,9,,泫雅 (HyunA)
5390,鵜,09D5C,Big5-2,,A,,,V,,V,,,,,1,1,人,13,Flora & fauna,鵜鶘 (pelican)
6005,鍶,9376,Big5-2,,C,,,V,,V,,,,12,,,,11,,"鍶 (strontium, Sr)"
926,妏,0598F,Big5-2,,C,,,,,,,,1,1407,,,,14,Uncategorized,多用於人名 (mainly personal names)
6930,砠,7820,Big5-1,,A,,,V,,V,,,,,,2,,8,,山砠 (rocky hill — classical)
2710,瑄,7444,Big5-2,,A,A,,V,,V,,,,4974,,3,,14,Uncategorized,多用於人名 (ornamental jade; names)
6169,暍,0668D,Big5-1,,A,,,V,,V,,,,,,3,,10,,中暍 (heatstroke — classical)
2583,燾,071FE,Big5-1,,A,A,,V,,V,,,,16,,3,,14,Uncategorized,覆燾；多用於人名 (shelter/cover — classical; names)
5157,炤,070A4,Big5-1,TW,A,A,,V,,V,,,,104,,3,,13,Surname / personal name,王炤霖 (personal name (王炤霖))
6946,繈,7.00E+48,Big5-1,,A,,,V,,V,,,,,,,,8,,繈褓／襁褓異體 (swaddling clothes)
6909,獴,7374,CJK,,C,,,,,,,,,,,,,8,,狐獴 (meerkat)
5529,潯,06F6F,Big5-1,,A,A,,V,,V,,,,1,,2,,12,Classical Chinese,潯陽江頭夜送客 (seeing a guest off at night on the Xunyang River (琵琶行))
1345,徜,05F9C,Big5-1,,A,A,,V,V,V,,,,1,,3,,14,Uncategorized,徜徉 (ramble)
6232,爌,0720C,Big5-2,HK / Hakka note,C,,,V,,,,,,,,,,10,,爌肉 (slow-braised pork — TW)
5500,枒,6792,Big5-2,,C,,,V,V,V,,,,,,4,,12,Variant form,椏 (fork of a branch)
5453,埜,057DC,Big5-2,,A,,,V,,V,,1,,10,,1,人,12,Variant form,野 (wild / field)
5501,枳,067B3,Big5-2,,A,A,,V,V,V,,,,2,,2,,12,Occasionally used,"南橘北枳 (south orange, north trifoliate — environment changes nature)"
6651,詎,08A4E,Big5-2,,C,,,V,,V,,,,,,3,,9,,詎料 (who would have thought)
5432,呿,0547F,Big5-2,TW / Hakka,,,,V,,V,,,,,,3,,12,Onomatopoeia,呿! (exclamation (opening the mouth))
5690,鴇,09D07,Big5-2,,A,,,V,,V,,,,,,1,,12,Common word,老鴇 (brothel madam)
5757,垛,0579B,Big5-2,,A,,,V,,V,,,,,,,,11,Common in naming,城垛；麥垛 (battlement; stack of grain)
6657,譭,08B6D,Big5-2,,B,B,,,,,,,,,,,,9,,譭謗／毀謗 (slander — variant of 毀 in this compound)
5247,腴,8174,Big5-1,,A,,,V,,V,,,,,,2,,13,Common word,豐腴 (plump / rich)
5066,嬛,05B1B,Big5-2,,,,,V,V,V,,,,67,,,,13,Surname / personal name,甄嬛 (Zhen Huan (drama character))
8105,鮘,09B98,CJK,TW,,,,,,,,1,,,,,,6,,Place name: 大鮕鮘
5799,怙,6019,Big5-2,TW / Hakka,B,,,V,,V,,,,,,2,,11,,失怙；怙惡不悛 (lose one’s father; persist in evil)
6233,爿,0723F,Big5-2,TW,B,,,,,V,,,,,,2,,10,,一片／爿（量詞）；爿部 (MW for slices of land/shops; radical)
5138,沬,06CAC,Big5-1,TW,A,,,V,,V,,,,,,,,13,Historical / geographic,水名 (name of a river / water body)
5394,鸝,09E1D,Big5-2,,C,,,V,V,V,,,,15,,4,,13,Flora & fauna,黃鸝 (oriole)
6677,酐,9150,Big5-2,,C,,,V,,V,,,,,,,,9,,酞酐；酸酐 (anhydride)
5281,蜊,0870A,Big5-1,TW,A,,,V,,V,,1,,,,2,,13,Flora & fauna,蛤蜊 (clam)
1510,懋,061CB,Big5-1,,A,A,,V,,V,,,,573,,2,,14,Uncategorized,懋績；多用於人名 (diligent merit; names)
5925,縴,7.00E+34,Big5-1,,A,,,V,V,V,,,,,,,,11,,縴夫；拉縴 (boat tracker / tow rope)
5191,痠,7.50E+01,Big5-1,TW / Hakka,A,A,,V,V,V,,,,,,4,,13,Common word,痠痛 (soreness / ache)
1173,崗,05D17,Big5-1,TW / Hakka,A,A,,V,V,V,,39,3,38,2,2,,14,Uncategorized,崗位；山崗 (post; hillock)
5342,鈿,0923F,Big5-1,,A,A,,V,,V,,,,51,,2,,13,Surname / personal name,Common in company / shop names
5470,巉,05DC9,Big5-1,,A,,,V,,V,,,,,,2,,12,,巉巖 (steep precipitous rock)
6315,藿,085FF,Big5-2,,A,A,,V,,V,,,,1,,3,,10,,藿香 (agastache / Korean mint (herb))
5334,酢,9162,Big5-2,,A,A,,V,,V,,,,,,1,常,13,Flora & fauna,酢漿草 (wood sorrel / Oxalis)
6290,耑,8011,Big5-1,,A,,,V,,V,,,,20,,4,,10,,耑＝專古字；耑然 (classical form related to 專)
5680,饃,9943,Big5-2,,,,,V,,V,,,,,,,,12,Food,饃夾肉 (rou jia mo / Chinese meat sandwich)
2291,泵,06CF5,Big5-1,TW / Hakka,A,A,,V,,V,,,,,,,,14,Uncategorized,水泵 (water pump)
3708,蒟,0849F,Big5-2,,B,,,V,,V,,,,1,,2,,14,Uncategorized,蒟蒻 (konjac)
6301,苻,082FB,Big5-2,TW,,,,V,V,V,,,,,,2,,10,,「苻」 is a surname and not Taiwan-local-only; suggest moving from local to basic set.
1986,枷,067B7,Big5-2,TW / Hakka,A,A,,V,V,V,,,,3,,2,,14,Uncategorized,枷鎖；連枷 (cangue/yoke; flail)
2848,癡,7661,Big5-1,TW,A,A,,,,V,,,,,,2,,14,Uncategorized,癡情；白癡 (infatuated; idiot) — often 痴
7934,蒽,084BD,CJK,,,,,,,,,,,,,,,6,,"Anthracene (蒽, ㄣ); aka 荌 / 綠油腦; polycyclic aromatic hydrocarbon"
5238,罅,07F45,Big5-2,HK / Hakka note,B,B,,V,,V,,,,,,2,,13,Surname / personal name,Fairly common in company / fan-page names
4646,隼,096BC,Big5-2,,A,A,,V,,V,,,,11,1,1,人,14,Uncategorized,老鷹／隼 (falcon / peregrine)
5911,笏,07B0F,Big5-2,,A,A,,V,,V,,,,4,2,2,,11,Taiwan place name,朝笏；笏板 (court tablet)
612,唄,5504,Big5-2,,A,A,,V,,V,,,1,,10,1,常,14,Uncategorized,梵唄；句末「唄」 (Buddhist chant; sentence particle)
5425,厂,5382,Big5-2,,,,,V,,V,,,,2,,2,,12,Radical,Also used as simplified 廠
5644,逶,9036,Big5-1,,A,,,V,V,V,,,,,,2,,12,,逶迤 (winding / meandering)
5786,屨,05C68,Big5-1,,A,,,V,,V,,,,,,4,,11,Classical Chinese,履屨；跋涉屨 (shoes — classical)
4910,鰲,09C32,Big5-2,,A,A,,V,,V,,14,,5,,2,,14,Uncategorized,獨佔鰲頭 (ao mythic turtle; “top the list”)
5603,苙,082D9,Big5-2,,C,,,V,V,V,,,,23,,2,,12,Surname / personal name,Looks like a common personal-name form…
716,噁,5641,Big5-2,TW,C,,,V,,V,,,,,,,,14,Uncategorized,噁心；噁逆 (nausea; retching)
5689,鱘,09C58,Big5-2,,B,B,,V,,V,,,,,1,4,,12,,鱘魚 (sturgeon)
5340,鈹,9239,Big5-1,,A,,,V,,V,,,,,,3,,13,Science & engineering,Periodic-table element
5578,粑,07C91,Big5-2,HK / Hakka note,B,,,V,V,V,,,,,,,,12,Common word,糌粑、粑粑絲 (tsampa; also shredded rice snacks (粑))
6831,帔,5.00E+14,Big5-2,TW,B,,,V,,V,,,,,,3,,8,,鳳冠霞帔 (cape / shawl in ceremonial dress)
5884,犽,072BD,Big5-2,,,,,V,,V,,,,,,,,11,,犽宿 (constellation / lodge name (犽))
5463,孛,05B5B,Big5-1,,A,A,,V,,V,,,,4,,2,,12,Variant form,勃 (sudden / vigorous; also vulgar sense)
,,,,,,,,,,,,,,,,,,,,
6073,呤,5464,Big5-2,,B,,,,,,,,,1,,,,10,Science & engineering,Purine (嘌呤 / 普林; common in food labels)
5562,硐,7850,Big5-2,TW,C,,,,,,,2,,,,,,12,Taiwan place name,侯硐 (Houtong (New Taipei))
6420,佺,04F7A,Big5-1,,A,A,,V,,V,,,,18,,4,,9,,偓佺（仙人名）；人名 (immortal’s name; personal names)
1821,斕,6595,Big5-1,,A,A,,V,V,V,,,,2,,,,14,Uncategorized,斑斕 (multicolored / gorgeous)
5533,焢,7122,Big5-2,,C,,,,,,,,,,,,,12,Variant form,Folk spelling for 炕肉飯
5665,錸,9338,Big5-2,,C,,,V,,V,,,,2,,,,12,Common in naming,錸德 (Ritek (錸德))
5012,万,4.00E+07,Big5-2,,,A,,V,,V,,,2,8,,1,常,13,Variant form,萬 (ten thousand / myriad)
633,啓,5553,CJK,,,A,,,,V,,5,,7,,1,常,14,Uncategorized,啓發；啓事 (inspire; notice) — variant of 啟
5512,槿,069FF,Big5-2,,A,A,,V,V,V,,,,101,,2,,12,Common word,朴槿惠 (Park Geun-hye)
5610,蒴,084B4,Big5-2,,C,,,V,,V,,,,2,,3,,12,Flora & fauna,蒴果 (capsule fruit)
5863,洳,06D33,Big5-2,,,,,V,,V,,,,148,,2,,11,Surname / personal name,鄭孟洳 (personal name (鄭孟洳))
414,勺,052FA,Big5-1,HK / Hakka note,A,A,,V,V,V,,,1,17,1,1,人,14,Uncategorized,勺子；公勺 (spoon)
5402,价,04EF7,Big5-2,,,A,,V,,V,,,,54,,2,,12,Variant form,價 (price / value)
6184,楢,6962,Big5-2,,A,A,,V,,V,,,,3,1,1,人,10,,楢（柞木，日語常用） (oak — common in JP)
5907,稗,07A17,Big5-2,TW / Hakka,A,A,,V,,V,,,,,,1,,11,,稗官野史 (unofficial histories / anecdotes)
5599,腓,8153,Big5-1,,A,,,V,,V,,,,2,2,2,,12,Geography / society,腓尼基 (Phoenicia / Phoenician)
5785,屙,05C59,Big5-2,HK / Hakka note,,B,,V,,V,,,,,,,,11,Occasionally used,屙屎 (defecate (vulgar/colloquial))
6637,蛺,086FA,Big5-2,,C,,,V,,V,,,,,,3,,9,,Suggest including 「蛺」. Used in butterfly taxonomy (蛺蝶); common in Taiwan ecology / education contexts.
5819,杙,6759,Big5-2,TW,C,,,V,,V,,1,,6,,2,,11,,木杙 (wooden stake)
6551,澂,06F82,Big5-2,,B,,,V,,V,,,,99,,2,,9,,澂清／澄；多用於名 (clear; names — related to 澄)
5806,扱,6271,Big5-2,TW,,A,,V,,V,,,,,,1,常,11,Japanese,日語「扱い」用字 (JP “handle/treat” graph)
6249,瘺,0763A,Big5-1,,A,,,V,,V,,,,,,,,10,,痔瘺／瘺管 (fistula — often 瘻)
5147,淬,06DEC,Big5-1,HK / Hakka note,A,,,V,V,V,,,,2,,2,,13,Common word,淬鍊 (temper / hone through trial)
5049,囿,056FF,Big5-1,,A,A,,V,,V,,,,72,,2,,13,Common word,囿於成見 (constrained by prejudice)
1865,昕,6615,Big5-1,,A,A,,V,,V,,,,2448,,3,,14,Uncategorized,昕夕；多用於人名 (dawn; names)
8824,蟥,8.70E+06,Big5-2,,,,,V,,V,,,,,,4,,5,,螞蟥 (leech)
2703,琬,0742C,Big5-2,,A,A,,V,,V,,,,3399,,3,,14,Uncategorized,琬琰；多用於人名 (fine jade tablet; names)
6126,庹,05EB9,Big5-2,,B,,,V,,V,,,50,4,,4,,10,,一庹（兩臂長度） (arm-span measure)
5190,痂,075C2,Big5-1,HK / Hakka note,A,A,,V,,V,,,,,,2,,13,Common word,結痂 (form a scab)
6321,袪,088AA,Big5-2,,B,,,V,,V,,,,,,3,,10,,袪除；袪風 (dispel / remove)
5321,迨,08FE8,Big5-1,,A,,,V,,V,,,,,,3,,13,Classical Chinese,Same sense as 「待」; lots of mojibake on Google Maps
5199,瞋,0778B,Big5-1,HK / Hakka note,A,A,,V,V,V,,,,,,2,,13,Common word,瞋目 (glare angrily)
5234,縵,7.00E+35,Big5-1,,A,,,V,,V,,,,16,,2,,13,Occasionally used,縵布 (unpatterned plain silk)
5557,癇,7647,Big5-2,,B,B,,V,,V,,,,,,2,,12,Common word,癲癇 (epilepsy)
5703,亘,4.00E+98,CJK,,,A,,,,V,,,,520,1,1,人,11,Surname / personal name,橫亘；亘古 (stretch across; from time immemorial) — also 亙
5365,陂,9642,Big5-1,TW / Hakka,A,A,,V,,V,,,,,,2,,13,Common word,陂塘 (irrigation pond)
6589,禕,7995,Big5-2,,C,,,V,,V,,,,232,,4,,9,,Personal name
5272,蓑,084D1,Big5-1,TW / Hakka,A,A,,V,V,V,,,,,,1,人,13,Common word,蓑衣 (straw rain cape)
5815,旂,065C2,Big5-2,,C,,,V,,V,,,,94,,4,,11,Common in naming,旌旂／旌旗異體 (banner — variant of 旗)
5904,砦,7826,Big5-2,,A,A,,V,,V,,,,1,,1,人,11,,Japanese; also rare surnames
5653,醐,9190,Big5-2,,A,,,V,,V,,,,,,1,人,12,Common word,醍醐味 (exquisite flavor (醍醐))
6277,紲,07D32,Big5-1,TW,A,,,V,,V,,,,,,2,,10,,縲紲 (bonds / imprisonment — classical)
5381,魍,09B4D,Big5-1,TW,A,,,V,,V,,,,,,2,,13,Common word,魑魅魍魎 (demons and monsters of all kinds)
5974,諏,08ACF,Big5-2,,A,A,,V,,V,,,,6,3,1,人,11,,諮諏；諏訪（日地名） (consult; JP Suwa place)
5944,菘,083D8,Big5-2,,B,,,V,,V,,,,206,,2,,11,,菘菜 (Chinese cabbage family — literary)
6545,洮,06D2E,Big5-1,,A,,,V,,V,,,,3,1,3,,9,,洮河；臨洮 (Tao River; Lintao)
5296,訶,08A36,Big5-1,,A,A,,V,,V,,,,,,2,,13,Common word,唐吉訶德 (Don Quixote)
13407,鮕,09B95,Big5-2,TW,,,,,,,,1,,,,,,2,,Place name: 大鮕鮘
2803,疸,075B8,Big5-1,TW / Hakka,A,A,,V,,V,,,,,,2,,14,Uncategorized,黃疸 (jaundice)
3585,艷,8277,Big5-1,TW,A,A,,,,V,,,,199,,2,,14,Uncategorized,鮮艷；艷麗 (bright-colored; gorgeous) — often 豔
5194,皋,0768B,Big5-1,,A,,,V,,V,,,10,12,,2,,13,Surname / personal name,皋陶；漢皋 (marshy bank; legendary figure Gao Yao)
7865,粩,07CA9,CJK,TW,,,,,,,,,,,,,,6,,麻粩 (sesame snack (Taiwan))
14260,弳,05F33,Big5-2,,,,,V,,,,,,,,,,1,,半徑「弳」舊用？稀 (rare; diameter-related classical graph)
6322,褙,8919,Big5-2,TW,A,A,,V,,V,,,,,,3,,10,,裱褙 (mount calligraphy/paintings)
5895,畯,0756F,Big5-2,,,A,,V,,V,,,,84,,3,,11,,田畯 (field overseer — classical)
6258,礑,7911,Big5-2,,C,,,,,,,,,,,2,,10,,石礑；罕用 (rare stone term)
6494,戇,6207,Big5-2,TW / Hakka,A,A,,V,,V,,,,,,,,9,,戇直；戇厚 (simple honest / naive — dialectal)
5398,齧,09F67,Big5-1,TW / Hakka,A,A,,V,,V,,,,,,2,,13,Common word,齧齒類 (rodents)
6012,闇,095C7,Big5-2,TW,A,A,,V,,V,,,39,2,,1,常,11,,闇昧；闇夜 (dark/ignorant; dark night) — often 暗
5241,耨,8028,Big5-1,,A,,,V,,V,,,,,,2,,13,Common word,耨瘡 (sores from hoeing / farm work (rare))
5652,醍,0918D,Big5-2,,A,A,,V,,V,,,,4,,1,人,12,Common word,醍醐味 (exquisite flavor (醍醐))
6639,蝮,0876E,Big5-2,,,,,V,,V,,,,,,2,,9,,蝮蛇 (pit viper)
7053,鶺,09DBA,Big5-2,TW / Hakka,B,,,V,,V,,,,,,2,,8,,鶺鴒 (wagtail)
717,噌,0564C,Big5-2,TW,A,A,,V,,V,,,,,,1,人,14,Uncategorized,味噌湯「噌」；響噌 (JP miso 味噌; roaring sound)
6328,觥,8.90E+06,Big5-2,,B,B,,V,,V,,,,,,3,,10,,觥籌交錯 (wine goblet — literary banquet)
6699,霤,9724,Big5-1,,A,,,V,,V,,,,,,2,,9,,屋霤；承霤 (eaves drip / rain from roof)
7933,蒺,084BA,Big5-2,,,,,V,,V,,,,,,3,,6,,蒺藜 (caltrop / puncture vine)
2711,瑋,0744B,Big5-2,TW,A,A,,V,V,V,,,,18548,,3,,14,Uncategorized,玮／瑋；明珠玮；人名常用 (precious jade; names)
2726,璀,7480,Big5-1,,A,A,,V,V,V,,,,4,,,,14,Uncategorized,璀璨 (brilliant)
5880,焠,7120,Big5-2,TW,C,,,V,,V,,,,1,,3,,11,,Sometimes replaces 淬; also used in Japanese
5019,佼,04F7C,Big5-2,,A,A,,V,,V,,,,25,,1,,13,Common word,佼佼者 (outstanding person; the cream of the crop)
5842,檗,06A97,Big5-1,,A,A,,V,,,,,,,,2,,11,China place name,黃檗 (Phellodendron / Amur cork tree)
5366,陬,0966C,Big5-1,,A,,,V,,V,,,,,,2,,13,Classical Chinese,山陬海隅 (remote corners of mountains and seas)
5763,埼,057FC,Big5-2,,A,A,,,,V,,,,28,10,1,常,11,World place name,埼玉 (Saitama (Japan))
5708,侗,04F97,Big5-2,TW,,A,,V,,V,,,,2,,3,,11,Common in naming,侗族；倥侗 (Dong people; ignorant — classical)
5875,澪,06FAA,Big5-2,,,,,,,,,,,1,,2,人,11,Japanese,日語「澪」；水路標 (JP waterway marker name character)
5711,俵,04FF5,Big5-2,,A,A,,V,,V,,,,,,1,常,11,,Occasionally used in naming
5574,筴,07B74,Big5-2,,,,,V,,V,,,,,,2,,12,Common word,竹筴魚 (horse mackerel / jack mackerel)
5760,埗,057D7,CJK,,,B,,,,,,,,,,4,,11,Cantonese,深水埗 (Sham Shui Po (HK))
5913,筊,07B4A,Big5-2,TW / Hakka,C,,,V,,V,,,,,,,,11,,筊杯；擲筊 (divination blocks — TW temples)
5876,灞,0705E,Big5-1,,A,,,V,,V,,,,,,3,,11,Common in naming,灞橋；灞陵 (Ba Bridge / Baling — Chang’an)
5577,籀,07C40,Big5-1,,A,,,V,,V,,,,,,2,,12,Common word,籀文 (Zhouwen script (ancient))
6074,咂,5482,Big5-2,TW / Hakka,B,,,V,,V,,,,,,,,10,,咂嘴；咂一口 (smack lips; sip)
5416,儺,0513A,Big5-2,,,A,,V,,V,,,,,,2,,12,,兩面宿儺 (Ryomen Sukuna (Jujutsu Kaisen))
7491,㹴,3.00E+74,ExtA,,,,,,,,,,,,,,,6,,㹴犬 (a kind of dog)
5730,呔,5454,Big5-2,TW,,B,,V,,V,,,,,,,,11,Taiwanese (Hokkien),台語嘆詞「呔」；粵語呔 (exclamation; Cantonese necktie 呔)
5491,撙,6499,Big5-1,TW / Hakka,A,,,V,,V,,,,,,,,12,Common word,撙節支出 (cut spending / economize)
5826,柝,067DD,Big5-1,TW,A,A,,V,,V,,,,,,2,,11,,擊柝 (night-watch clapper — classical)
5513,橈,06A48,Big5-1,,A,A,,V,,V,,,,,,2,,12,,橈骨；舟橈 (radius bone; oar — literary)
6163,旒,065D2,Big5-2,,A,A,,V,,V,,,,1,,2,,10,,冕旒 (crown pendants)
5098,担,062C5,CJK,,,,,,,V,,,,,,1,常,13,Variant form,"Suggest moving 「担」 (variant of 擔) at least into the local set, ideally basic. Common in TW usage: 担仔麵、担担麵, etc."
5114,暸,066B8,Big5-1,,A,,,,,,,,,,,2,,13,Uncategorized,More common forms are 嘹 and 瞭; 暸 is rare
3699,葱,8471,CJK,,A,A,,,,,,,,,,1,,14,Uncategorized,青葱；葱綠 (scallion; fresh green) — 蔥
5103,搐,6410,Big5-2,TW / Hakka,A,A,,V,,V,,,,,,3,,13,Common word,抽搐 (twitch / convulse)
5492,撢,064A2,Big5-1,,A,,,V,V,V,,,,,,,,12,Common word,雞毛撢子 (feather duster)
4902,鯛,09BDB,Big5-1,,A,,,V,,V,,,,,2,1,人,14,Uncategorized,鯛魚 (sea bream)
5474,彧,05F67,Big5-2,,A,A,,V,,V,,,,257,,3,,12,Surname / personal name,多用於人名 (refined literary talent; names)
5498,杠,6760,Big5-1,,A,A,,V,,V,,,,,,2,,12,Classical Chinese,杠杆／槓桿；單杠 (lever; horizontal bar) — often 槓
6931,硎,0784E,Big5-1,,A,,,V,,V,,,,,,3,,8,,發硎；刀硎 (whetstone — literary)
5524,涿,06DBF,Big5-1,HK / Hakka note,A,A,,V,,V,,,,,,3,,12,Common in naming,涿鹿之戰 (Battle of Zhuolu)
5097,懟,061DF,Big5-2,,C,,,V,,V,,,,,,4,,13,Common word,怨懟 (resentment / blame)
5597,腊,0814A,Big5-2,,A,,,V,,V,,,,1,,3,,12,Variant form,臘 (cured meat / 12th lunar month)
5328,邨,090A8,CJK,,A,A,,,,V,,24,,5,,2,,13,Variant form,村 (village)
9665,芛,0829B,Big5-2,,,,,V,,,,,,21,,,,4,,麻芛 (Taiwanese vegetable (麻芛))
5318,躋,08E8B,Big5-1,,A,A,,V,,V,,,,1,,2,,13,Common word,躋身上游 (rise to the upper ranks)
1920,曬,066EC,Big5-1,,A,A,,,,V,,,1,,1,4,,14,Uncategorized,曝曬；曬太陽 (sun-dry; bask)
3736,蔻,0853B,Big5-2,,B,B,,V,V,V,,,,2,12,,,14,Uncategorized,荳蔻年華 (cardamom — youthful girlhood)
3712,蒻,084BB,Big5-2,,A,A,,V,,V,,,,,,2,,14,Uncategorized,蒟蒻 (konjac)
5829,棨,6.80E+09,Big5-2,,A,A,,V,,V,,,,185,,3,,11,Common in naming,棨戟；多用於名 (classical gate insignia; names)
5798,徼,05FBC,Big5-2,TW / Hakka,,,,V,,V,,,,,,2,,11,Classical Chinese,巡徼；徼幸 (patrol border; lucky — often 僥倖)
6995,躓,8.00E+93,Big5-1,,A,,,V,,V,,,,,,2,,8,,躓踣；顛躓 (stumble — literary)
5650,酮,0916E,Big5-2,,A,A,,V,,V,,,,,,,,12,Common word,生酮飲食、酮酸中毒 (ketogenic diet; ketoacidosis)
6220,炷,070B7,Big5-2,,A,A,,V,,V,,,,3,,3,,10,,一炷香；艾炷 (stick of incense; moxa cone)
8504,椌,0690C,Big5-2,,,,,V,,V,,,,,,2,,5,,蘭嶼椌木 (Orchid Island 椌木 (plant))
8622,痀,075C0,Big5-2,TW / Hakka,C,,,V,,V,,,,,,4,,5,,痀僂 · ㄐㄩ ㄌㄡ (hunchbacked (ㄐㄩ ㄌㄡ))
12044,岈,05C88,Big5-2,,,,,V,,V,,,,,,4,,2,,岈然窪然 (from 始得西山宴游記)
1915,曜,066DC,Big5-1,TW,A,A,,V,V,V,,,1,1321,,1,常,14,Uncategorized,七曜；閃耀 (seven luminaries; shine)
616,唏,0550F,Big5-1,TW,A,A,,V,,V,,,,,,2,,14,Uncategorized,唏噓 (sob / sigh)
5468,嶂,05D82,Big5-2,,,,,V,,V,,,,9,,2,,12,,重巒疊嶂 (layer upon layer of peaks)
5827,柺,067FA,Big5-2,,B,B,,,,,,,,,,,,11,Variant form,拐 (turn / abduct / crutch)
5965,衿,0887F,Big5-2,HK / Hakka note,,A,,V,,V,,,,81,,1,人,11,,青衿；衣衿 (scholar’s collar; lapel)
5666,鎌,0938C,Big5-2,,A,A,,V,,,,2,,15,20,1,常,12,Japanese,鎌倉時代 (Kamakura period)
6692,鏨,9.30E+09,Big5-1,TW / Hakka,A,,,V,,V,,,,,,2,,9,,石鏨；鏨刻 (chisel; engrave)
5676,靳,9773,Big5-2,TW,A,A,,V,,V,,,1390,65,,3,,12,Historical / geographic,姓氏；靳固 (surname; reluctant to give — classical)
5691,鵯,09D6F,Big5-2,,B,,,V,,V,,,,,,2,,12,,白頭鵯 (light-vented bulbul)
5797,彣,05F63,CJK,,C,,,,,,,,,1351,,4,,11,Surname / personal name,多用於人名 (refined culture graph; names)
1699,揹,063F9,Big5-1,TW / Hakka,A,,,V,,V,,,,,,,,14,Uncategorized,揹包；揹負 (carry on the back)
5045,囟,056DF,Big5-2,TW / Hakka,B,,,V,,V,,,,,,4,,13,Classical Chinese,Means “forehead”
5894,畋,0754B,Big5-1,,A,,,V,,V,,,,4,,2,,11,Common in naming,畋獵 (hunt — classical)
3598,芯,082AF,Big5-1,HK / Hakka note,A,A,,V,,V,,,,772,,1,常,14,Uncategorized,芯；燈芯；晶片芯 (core / wick / chip die)
8030,逭,0902D,Big5-2,,,,,V,,V,,,,,,3,,6,,罪無可逭 (guilt beyond escape)
5885,獒,7352,Big5-2,HK / Hakka note,A,A,,V,,V,,,,,,4,,11,,獒犬 (mastiff)
5860,泠,06CE0,Big5-1,,A,,,V,,V,,,,90,,3,,11,,泠泠；清泠 (clear cool sound/water — literary)
6007,鏞,093DE,Big5-2,,A,A,,V,,V,,1,,71,,3,,11,,大鏞； bell；人名亦見 (large bell — classical; names)
6107,塒,5852,Big5-1,HK / Hakka note,A,,,V,,V,,,,,,2,,10,,雞塒 (chicken roost — classical)
5209,窸,07AB8,Big5-2,TW,B,,,V,V,V,,,,,,,,13,Binome / fixed compound,窸窸窣窣 (rustling sound)
5625,衩,8869,Big5-2,,B,,,V,,V,,,,,,4,,12,Common word,高衩褲 (high-slit pants / high-cut bottoms)
5405,佟,04F5F,Big5-2,TW,B,B,,V,,V,,,642,53,,3,,12,Surname / personal name,Common in company / shop names
5936,苺,082FA,Big5-2,,B,,,,,V,,,,2,,2,人,11,Common in naming,Used in naming
4528,鎗,9397,Big5-1,,A,A,,V,V,V,,,,7,,1,,14,Uncategorized,刀鎗；鎗枝 (spear/gun — often 槍)
5898,痼,075FC,Big5-2,,A,A,,V,,V,,,,,,2,,11,,痼疾 (chronic illness)
3826,蜍,0870D,Big5-2,TW / Hakka,B,,,V,V,V,,,,,,2,,14,Uncategorized,蟾蜍 (toad)
6338,讜,08B9C,Big5-1,,A,,,V,,V,,,,,,4,,10,,讜論 (upright candid speech — classical)
5527,溴,06EB4,Big5-1,,A,,,V,,V,,,,,,4,,12,Science & engineering,Bromothymol blue; still in elementary science? Used in junior high XD
5621,蜚,0871A,Big5-2,HK / Hakka note,A,A,,V,,V,,,,1,,2,,12,Common word,流言蜚語 (rumors and slander)
5800,怫,0602B,Big5-1,TW,A,,,V,,V,,,,,,2,,11,,怫然不悅 (angered suddenly)
2287,泯,06CEF,Big5-1,HK / Hakka note,A,A,,V,,V,,,,127,,2,,14,Uncategorized,泯滅；良心泯 (obliterate; conscience extinguished)
5383,魑,09B51,Big5-1,,A,,,V,,V,,,,,,2,,13,Common word,魑魅魍魎 (demons and monsters of all kinds)
5566,碣,078A3,Big5-1,TW,A,A,,V,,V,,1,,,1,2,,12,Taiwan place name,碑碣；碣石 (stone tablet; Jeshi rock)
6656,諤,08AE4,Big5-2,,B,,,V,,V,,,,2,,2,,9,,諤諤；忠諤 (speak frankly — classical)
15135,焓,7113,Big5-2,,,,,,,,,,,1,,,,1,,焓 (enthalpy)
6112,嫚,05ADA,Big5-2,,B,B,,V,,V,,,,344,,4,,10,,侮嫚；多用於名 (contempt; also names)
5686,鯤,09BE4,Big5-2,,A,A,,V,,V,,2,,11,,2,,12,Taiwan place name,鯤鯓 (Kunshen (Tainan coastal place))
5146,淦,06DE6,Big5-1,,A,A,,V,,V,,,31,88,,2,,13,Surname / personal name,嚴家淦 (Yen Chia-kan)
5999,銦,092A6,Big5-2,,C,,,V,,V,,,,4,,,,11,,"銦 (indium, In)"
5495,昴,6634,Big5-2,,,A,,V,,V,,,,3,,2,人,12,Science & engineering,星宿名 (name of a constellation / lunar mansion)
5414,僂,050C2,Big5-2,,C,,,V,,V,,,,,,2,,12,Common word,僂儸 (bandit / ruffian (連綿詞))
5371,顥,9865,Big5-1,,A,A,,V,,V,,,,488,,3,,13,Surname / personal name,崔顥 (Cui Hao (Tang poet))
5159,烷,070F7,Big5-2,,A,A,,V,V,V,,,,,,,,13,Common word,甲烷 (methane)
6457,塱,5871,Big5-2,,B,,,,,,,,,,,,,9,,屋塱；粵語地名「塱」 (open ground; HK place names)
5161,煇,7147,Big5-2,,A,A,,V,,V,,,,108,,3,,13,Surname / personal name,光煇／光輝異體；人名 (radiance; names)
6580,眇,7707,Big5-1,HK / Hakka note,A,,,V,V,V,,,,2,,2,,9,,眇目；眇小 (blind in one eye; tiny — literary)
5556,瘢,7622,Big5-1,,A,A,,V,,V,,,,,,2,,12,Common word,瘢痕 (scar)
5663,鋇,092C7,Big5-1,,A,,,V,,V,,,1,2,,,,12,Common word,鋇劑攝影 (barium meal X-ray)
5276,薨,085A8,Big5-1,,A,A,,V,,V,,,,,,2,,13,Classical Chinese,Classical term for the death of a lord/official: 「薨」
6259,礴,7934,CJK,,B,,,V,V,V,,,,,,3,,10,Common word,氣勢磅礴; Big5 wrongly encoded as 礡
6602,箠,07BA0,Big5-1,TW,A,,,V,,V,,,,,,,,9,,馬箠；鞭箠 (horsewhip — classical)
6674,郗,090D7,Big5-2,,B,,,V,,V,,,100,10,,3,,9,,姓氏 (surname Chi)
6056,倬,0502C,Big5-2,,A,A,,V,,V,,,,105,,2,,10,,倬然；多用於人名 (notable; names)
6024,驤,09A64,Big5-2,,C,,,V,,V,,,,33,,2,,11,,騰驤；龍驤 (gallop with head high — literary)
5930,翫,07FEB,Big5-2,,A,A,,V,,V,,,,,,1,,11,Common in naming,遊翫／遊玩異體；翫賞 (play; appreciate — classical)
6952,翮,07FEE,Big5-1,,A,,,V,,V,,,,1,,3,,8,,羽翮；振翮 (flight feather / pinion)
6578,瘻,0763B,CJK,HK / Hakka note,,A,,,,V,,,,,,2,,9,,瘻管手術 (fistula surgery)
3206,粄,07C84,Big5-2,HK / Hakka note,C,,,V,V,V,,,,,,,,14,Uncategorized,客家粄；粄條 (Hakka rice cakes; flat rice noodles)
3602,芸,082B8,Big5-1,,A,A,,V,V,V,,5,,6132,10,1,常,14,Uncategorized,芸芸眾生 (the numerous living beings)
5784,尢,05C22,Big5-1,,A,,,,,V,,,3,,,2,,11,,Radical
6299,芰,082B0,Big5-1,,A,,,V,,V,,,,,,,,10,,Li Sao: 芰荷
5444,嗝,055DD,Big5-2,TW,B,,,V,,V,,,,,,4,,12,Common word,打嗝 (burp / hiccup)
6091,嘞,0561E,CJK,,,,,,,,,,,,,,,10,,句末語氣詞「嘞」 (sentence particle)
488,叡,5.30E+02,Big5-2,TW,A,A,,V,,V,,,,1683,1,1,人,14,Uncategorized,叡智／睿智異體；叡慮 (wise; imperial wisdom)
5671,陟,0965F,Big5-2,,A,A,,V,,V,,,,6,1,2,,12,Occasionally used,陟罰臧否 (promote/punish and judge good/bad (出師表))
7312,竦,07AE6,Big5-2,,,,,V,,V,,,,1,,2,,7,,悚然 (ㄙㄨㄥˇ) (startled / afraid (ㄙㄨㄥˇ))
5923,紬,07D2C,Big5-2,TW,,A,,V,,V,,,,1,,1,人,11,Japanese,綢; personal names
6510,摜,0645C,Big5-2,,C,,,V,,V,,,,,,,,9,,大盤摜破年線 (market index smashes below the yearly line)
5713,傜,0509C,Big5-2,,C,,,V,,V,,,,,,4,,11,,傜族舊寫／瑤 (old graph related to Yao people)
10688,瘝,0761D,Big5-2,,,,,V,,V,,,,,,,,3,,恫瘝在抱 (feel the people's suffering as one's own)
5488,揄,063C4,Big5-2,,A,A,,V,,V,,,,2,,2,,12,Common word,揶揄 (tease / ridicule)
5608,荽,0837D,Big5-2,TW,B,,,V,,V,,,,,,3,,12,Flora & fauna,芫荽 (cilantro / coriander)
2725,瑾,0747E,Big5-1,,A,A,,V,V,V,,,,2185,,2,,14,Uncategorized,瑾瑜；懷瑾握瑜 (fine jade; moral integrity metaphor)
4394,邯,090AF,Big5-2,,A,A,,V,,V,,,3,8,,2,,14,Uncategorized,邯鄲 (Handan)
5989,逡,9021,Big5-2,,A,A,,V,,V,,,,,,2,,11,,逡巡 (hesitate / hang back)
6226,熗,7197,Big5-2,TW,C,,,,,V,,,,,,,,10,,熗鍋；油熗 (brief stir with hot oil — cooking)
9492,潲,06F72,Big5-2,TW,,,,V,,V,,,,1,,,,4,,插潲 啥潲 食潲 (Taiwanese slang with 潲)
5722,剮,0526E,Big5-2,,,,,,,V,,,,,,,,11,Common word,千刀萬剮 (death by a thousand cuts)
5315,蹌,08E4C,Big5-2,TW,C,,,V,,V,,,,,,2,,13,Common word,踉蹌 (stagger / stumble)
6279,絝,07D5D,CJK,,C,,,,,V,,,,,,,,10,,紈絝子弟 紈褲子弟 (spoiled rich kid / silk-breeches youth)
6114,孬,05B6C,Big5-2,,,,,V,,V,,,,,,,,10,,孬種 (coward — colloquial)
8126,鼐,09F10,Big5-2,,B,,,V,,V,,,,18,,3,,6,,調和鼎鼐 (harmonize the tripod — manage state affairs)
6040,鷸,09DF8,Big5-2,,A,A,,V,V,V,,,,1,,2,,11,,鷸蚌相爭 (snipe)
17242,饢,9962,CJK,,,,,,,,,,,,,,,1,,印度餅 (Indian flatbread)
5743,嗖,055D6,Big5-2,,,,,V,V,V,,,,,,,,11,,嗖的一聲 (whoosh — onomatopoeia)
2772,町,0753A,Big5-2,TW,A,A,,V,V,V,,,,27,13,1,常,14,Uncategorized,町；日本「町」 (JP town unit; also field path classical)
5448,囍,056CD,Big5-2,,A,A,,V,,,,,,,,4,,12,Common word,雙喜囍 (double-happiness symbol)
1818,斌,0658C,Big5-2,TW,A,A,,V,,V,,1,,2528,,1,,14,Uncategorized,文武斌；人名常用 (refined + martial; names) — 彬
5324,遢,9062,Big5-1,HK / Hakka note,A,,,V,,V,,,,,,,,13,Common word,邋遢 (slovenly / messy)
5372,顴,9874,Big5-2,TW,C,,,V,,V,,,,,,2,,13,Common word,顴骨 (cheekbone)
5215,篠,07BE0,Big5-1,TW,A,A,,V,,V,,,3,6,2,1,人,13,Surname / personal name,竹篠；多用於人名 (slender bamboo; names)
1157,峒,05CD2,Big5-1,,A,,,V,,V,,,,2,,3,,14,Uncategorized,崆峒；峒人 (Kongtong mountains; cave/tribal place names)
5956,蚜,0869C,Big5-1,,A,,,V,V,V,,,,,,4,,11,,蚜蟲 (aphid)
5484,扦,6266,Big5-2,TW,A,,,V,,V,,,,,,,,12,,扦插 (propagate by cuttings)
5320,迤,08FE4,Big5-1,,A,,,V,V,V,,,,1,,3,,13,Binome / fixed compound,逶迤 (winding / meandering)
3908,裏,088CF,Big5-2,TW,A,A,,,,V,,,,,2,1,常,14,Uncategorized,裏／裡；裏面 (inside — variant of 裡)
4613,陞,0965E,Big5-1,TW,A,A,,V,,V,,,,833,,2,,14,Uncategorized,晉陞；陞遷 (promote — often 升)
5038,喏,0558F,Big5-2,HK / Hakka note,B,,,V,,V,,,,2,,,,13,Onomatopoeia,喏? (here / well? (interjection))
643,啥,5565,Big5-2,TW,A,A,,V,,V,,,,,,,,14,Uncategorized,啥？；啥事 (what — colloquial)
5457,墻,058BB,Big5-2,,A,A,,,,V,,1,,3,,2,,12,Variant form,牆 (wall)
5808,捽,0637D,Big5-2,TW / Hakka,,B,,V,,V,,,,,,,,11,Taiwanese (Hokkien),捽住；台語相關動作 (seize/grapple — dialectal)
5113,暝,0669D,Big5-1,TW,A,A,,V,,V,,,,,,2,,13,Uncategorized,幽暝，不等於瞑 (幽暝 (dim/dark); not the same as 瞑)
3755,薦,085A6,Big5-1,TW / Hakka,A,A,,,V,V,,,,6,,1,常,14,Uncategorized,推薦；薦骨 (recommend; sacrum 薦骨)
8601,猢,7322,Big5-2,,B,,,V,,V,,,,,,,,5,,"樹倒猢猻散 (when the tree falls, the monkeys scatter)"
7362,蒹,084B9,Big5-2,,,,,V,,V,,,,7,,2,,7,,蒹葭蒼蒼 (reeds lush and green (詩經))
5454,堀,5800,Big5-2,TW,A,A,,V,,V,,6,4,,11,1,常,12,Japanese,新堀江 (Xinjuejiang / Shinhorie shopping area (Tainan))
5206,禺,079BA,Big5-1,,A,A,,V,,V,,,,11,,2,,13,China place name,番禺縣 (Panyu County)
5515,櫬,06AEC,Big5-1,,A,,,V,,,,,,,,4,,12,Classical Chinese,棺櫬 (coffin — literary)
5716,僞,050DE,CJK,,,A,,,,,,,,,,2,人,11,Variant form,Suggest moving 「爲」「僞」 from Japanese to basic set. Still widely used in traditional-Chinese print/handwriting/names; Japanese pack placement understates Chinese usage.
6694,鐶,9436,Big5-2,,B,B,,V,,V,,,,28,,2,,9,,指鐶；門鐶 (ring; door knocker ring)
6483,徭,05FAD,Big5-2,,,,,V,,V,,,,2,,2,,9,,徭役；輕徭薄賦 (corvée labor)
5298,諛,08ADB,Big5-1,,A,A,,V,V,V,,,,,,2,,13,Common word,阿諛奉承 (flatter / toady)
4200,跤,08DE4,Big5-1,TW,A,A,,V,V,V,,,,,,,,14,Uncategorized,跌跤；摔跤 (fall; wrestle)
5142,浣,06D63,Big5-2,,A,A,,V,V,V,,,11,31,,2,,13,Common word,浣熊 (raccoon)
554,呦,5466,Big5-2,,B,,,V,,V,,,,1,,4,,14,Uncategorized,呦呦鹿鳴 (deer cry — 詩經)
5337,醱,091B1,Big5-1,,A,A,,V,,V,,,,,,3,,13,Science & engineering,醱酵 (ferment)
6025,髁,09AC1,Big5-1,,A,,,V,,V,,,,,,3,,11,,股髁；骨髁 (condyle of bone)
2730,璐,7490,Big5-2,,B,B,,V,,V,,,4,176,,3,,14,Uncategorized,多用於人名 (beautiful jade; names)
6035,鱧,09C67,Big5-2,,B,,,V,,V,,,,,,2,,11,,鱧魚 (snakehead)
5050,圄,5704,Big5-1,,A,A,,V,,V,,,,,,2,,13,Common word,囹圄 (prison / jail)
5436,咭,054AD,Big5-2,,,B,,V,,V,,,,,,4,,12,Variant form,“Card” usage in Hong Kong
4950,鷲,09DF2,Big5-2,,A,A,,V,V,V,,,,1,3,1,人,14,Uncategorized,鷲鷹；靈鷲山 (vulture/eagle; Vulture Peak)
5226,絳,07D73,Big5-1,TW,A,A,,V,,V,,,,1,,2,,13,Common word,絳青 (deep red and blue-green)
5758,垵,057B5,Big5-2,,C,,,V,,,,4,,1,,,,11,Common in naming,地垵；地名用 (small cove/flat — place names)
5857,汆,06C46,Big5-2,HK / Hakka note,B,,,V,,V,,,,,,,,11,Common word,汆燙 (blanch in boiling water)
149,侑,04F91,Big5-1,,A,A,,V,,V,,,,1420,,2,人,14,Uncategorized,侑酒；侑食 (urge a guest to drink/eat — classical)
3060,秘,079D8,Big5-1,TW / Hakka,A,A,,V,V,V,,,64,7,2,1,常,14,Uncategorized,秘密；神秘 (secret; mysterious) — often 祕
7877,緙,07DD9,Big5-1,,A,,,V,,V,,,,,,4,,6,,緙絲工藝 (kesi silk tapestry craft)
5151,潁,06F41,Big5-2,,A,A,,V,V,V,,,,208,,2,,13,China place name,潁河 (Ying River)
8594,犰,072B0,Big5-2,,C,,,V,,V,,,,,,4,,5,,犰狳 (armadillo)
5476,忸,05FF8,Big5-1,HK / Hakka note,A,,,V,,V,,,,,,2,,12,Common word,忸怩作態 (act coy / affectation)
5068,嬿,05B3F,Big5-2,,B,,,V,,V,,,,724,,,,13,Surname / personal name,嬿婉 (gentle and lovely)
5963,衲,8872,Big5-2,TW,A,A,,V,,V,,,,,,2,,11,,僧衲；百衲 (monk’s robe; patchwork)
5063,嫋,05ACB,Big5-2,,B,,,V,,V,,,,,,2,,13,Common word,嫋娜 (slender and graceful)
6200,沔,06C94,Big5-1,,A,A,,V,,V,,,,1,1,4,,10,,沔水；沔陽 (Mian River / place)
5329,郝,090DD,Big5-1,TW,A,A,,V,V,V,,,3226,187,,3,,13,Surname / personal name,郝龍斌 (Hau Lung-bin)
5523,涔,06D94,Big5-1,HK / Hakka note,A,,,V,V,V,,,,7,,3,,12,Surname / personal name,汗涔涔 (dripping with sweat)
5100,挹,6339,Big5-2,TW,B,,,V,,V,,1,,33,,3,,13,Common word,挹注 (channel funds into / inject support)
2948,瞼,077BC,Big5-1,,A,A,,V,V,V,,,,,,2,,14,Uncategorized,眼瞼 (eyelid)
6099,圉,5709,Big5-1,,A,,,V,,V,,,,1,,2,,10,,囹圉；牧圉 (prison; horse stable — classical)
5833,楸,6978,Big5-2,,A,A,,V,,V,,,,12,10,2,,11,Flora & fauna,楸樹 (Catalpa tree)
5525,淀,06DC0,Big5-2,,A,A,,V,,,,,,5,4,1,人,12,World place name,沉澱；淀山湖 (precipitate; lake name) — often 澱
6716,鮟,09B9F,CJK,,A,A,,,,V,,,,,,2,,9,,鮟鱇魚 (monkfish / anglerfish)
5431,呯,0546F,Big5-2,,B,B,,,,,,,,,,,,12,Onomatopoeia,呯然；象聲 (bang — onomatopoeia)
5170,獾,0737E,Big5-2,,B,,,V,,V,,,,,,,,13,Flora & fauna,🦡 (badger)
6552,澍,06F8D,Big5-2,TW,A,A,,V,,V,,,,154,,3,,9,,澍雨；嘉澍 (timely rain — literary)
2298,洩,06D29,Big5-1,TW / Hakka,A,A,,V,V,V,,,,,,1,,14,Uncategorized,洩漏；宣洩 (leak; vent) — often 泄
2975,砲,7832,Big5-1,TW / Hakka,A,A,,V,V,V,,,,,,1,常,14,Uncategorized,大砲；砲火 (cannon; artillery) — often 炮
5553,痒,075D2,Big5-2,,,A,,V,,V,,,,,,2,,12,Occasionally used,Today mostly a simplified form of 癢; also variant of 瘍
5585,縉,7.00E+09,Big5-1,,A,A,,V,,V,,,,183,,2,,12,Common in naming,縉紳 (gentry — classical)
5422,卍,0534D,Big5-2,,,A,,V,,V,,,,,,2,,12,,卍字（吉祥符號） (swastika / manji auspicious symbol)
1032,孢,05B62,Big5-2,,B,B,,V,V,V,,,,,,,,14,Uncategorized,孢子 (spore)
5555,痹,075F9,Big5-2,TW,A,A,,V,,V,,,,,,4,,12,Variant form,痺 (numbness / paralysis)
7296,硍,0784D,Big5-2,,,,,V,,,,,,,,,,7,,Kinda want to keep — for ㄎㄣˋ
6659,豸,08C78,Big5-2,TW,B,,,V,,V,,,,,,2,,9,,獬豸；蟲豸 (xiezhi; insects/beasts)
4840,騏,09A0F,Big5-2,,A,A,,V,,V,,,,613,,2,,14,Uncategorized,騏驥 (steed)
5841,檎,06A8E,Big5-2,,A,A,,V,,V,,,,1,,1,人,11,Japanese,林檎 (apple / crabapple (林檎))
6357,鄺,0913A,Big5-2,,B,B,,V,,V,,,1097,50,,4,,10,,姓氏 (surname Kwong/Kuang)
2378,湄,6.00E+44,Big5-1,HK / Hakka note,A,A,,V,,V,,,1,194,42,3,,14,Uncategorized,湄公河；水湄 (Mekong; water’s edge)
4440,醮,091AE,Big5-1,TW / Hakka,A,A,,V,,V,,,,3,,4,,14,Uncategorized,打醮；再醮 (Daoist jiao ritual; remarry — classical)
3147,筑,07B51,Big5-1,,A,A,,V,V,V,,,,3067,42,1,人,14,Uncategorized,筑（古樂器）；貴州簡稱語境 (ancient zhu instrument; also Guiyang short form contexts)
5218,粕,07C95,Big5-1,TW / Hakka,A,A,,V,V,V,,,,6,,1,,13,Common word,糟粕 (dross / waste)
5397,齁,09F41,Big5-2,TW,,,,V,,V,,,,,,4,,13,Onomatopoeia,Word often used by Chen Shih-chung (陳時中)
5222,紆,07D06,Big5-1,,A,A,,V,,V,,,,4,,2,,13,Common word,紆鬱 (pent-up melancholy)
5661,銑,9291,Big5-1,,A,A,,V,,V,,,,19,,1,人,12,Common word,銑床 (milling machine)
5960,蜩,8729,Big5-1,,A,,,V,,V,,,,,,2,,11,,蜩螗 (cicadas — classical)
5681,饉,9949,Big5-1,,A,A,,V,,V,,,,,,2,,12,Common word,饑饉 (famine)
5467,嵇,05D47,Big5-1,,A,,,V,,V,,,420,33,,3,,12,Surname / personal name,嵇康；姓氏 (Ji Kang; surname)
6515,擼,064FC,Big5-2,,,,,,,,,,,,,,,9,,擼管 擼貓 (slang: masturbate; also pet cats (擼))
4507,錡,9321,Big5-1,,A,A,,V,,V,,,567,1090,,3,,14,Uncategorized,姓氏；釜錡 (surname; cooking cauldron — classical)
5825,柙,067D9,Big5-1,TW,A,,,V,,V,,,,,,4,,11,Classical Chinese,檻柙；虎柙 (cage for beasts — classical)
5950,蒯,084AF,Big5-2,,,,,V,,V,,,119,7,,3,,11,,蒯草；姓氏 (sedge; surname)
5408,偈,5048,Big5-2,,A,A,,V,,V,,,,10,,2,,12,Common word,侷限 (limit / constrain)
6570,瑱,7471,Big5-2,,B,B,,V,,V,,,,249,,4,,9,,玉瑱；耳瑱 (jade earring plug — classical)
6390,髂,09AC2,Big5-2,,B,,,V,,V,,,,,,,,10,,髂骨 (ilium / hip bone)
6181,楂,6942,Big5-2,HK / Hakka note,B,B,,V,,V,,,,,,3,,10,,山楂 (hawthorn)
5853,毘,06BD8,Big5-2,,,A,,V,,V,,,,1,,1,人,11,,Buddhism-related
5662,銲,092B2,Big5-1,TW / Hakka,A,,,V,V,V,,,,,,4,,12,Common word,銲接 (weld)
5554,痳,075F3,Big5-1,,A,A,,V,,V,,,,,,2,,12,Variant form,"Gonorrhea (淋病). Different from 痲, but often confused"
5766,墉,5889,Big5-2,,A,A,,V,,V,,,,35,,3,,11,Surname / personal name,城墉；牆墉 (city wall — literary)
1799,敕,6555,Big5-1,,A,,,V,V,V,,,,,,2,,14,Uncategorized,敕令；詔敕 (imperial edict)
5312,踉,8.00E+09,Big5-2,,B,,,V,,V,,,,,,2,,13,Common word,踉蹌 (stagger / stumble)
5246,胺,080FA,Big5-2,,A,A,,V,,V,,,,,,,,13,Science & engineering,三聚氰胺、胺基酸 (melamine; amino acid)
5301,謅,08B05,Big5-2,,C,,,V,,V,,,,,,4,,13,Common word,文謅謅 (bookish / pedantic tone)
7208,掯,063AF,Big5-2,,,,,V,,V,,,,,,,,7,,ㄎㄣˋ (internet slang)
5110,昊,0660A,Big5-1,TW,A,A,,V,,V,,,,564,,2,人,13,Surname / personal name,垃圾昊欠噓 (garbled / meme-like insult text)
382,劊,0528A,Big5-1,HK / Hakka note,A,A,,V,,V,,,,,,,,14,Uncategorized,劊子手 (executioner)
5117,杓,6753,Big5-1,TW / Hakka,A,A,,V,,V,,1,,2,,1,,13,Common word,斗杓東指 (the Dipper's handle points east)
5977,讎,08B8E,Big5-2,,C,,,V,,V,,,,,,2,,11,,仇讎；校讎 (enemy; textual collation — classical)
6318,虺,0867A,Big5-1,,A,,,V,,V,,,,,,4,,10,,虺蛇；毒虺 (viper — literary)
6260,礽,0793D,Big5-2,,B,,,V,,V,,,,76,,,,10,,嫡礽；清太子名用字 (heir-related classical; Qing prince names)
1249,庄,5.00E+84,Big5-2,TW,A,A,,,V,V,34,181,82,30,8,1,人,14,Uncategorized,村庄／莊；庄家 (village; banker in gambling) — 莊 simplified/variant
6309,蔫,0852B,Big5-2,TW,A,,,V,,V,,,,,,4,,10,,蔫了；發蔫 (wilted; listless)
6466,寔,05BD4,Big5-2,,A,A,,V,,V,,,,,,2,,9,,寔＝實古字 (classical form of 實)
5764,堇,5807,Big5-2,,C,,,V,,V,,,,29,,,,11,Flora & fauna,堇菜 (violet)
691,嗶,055F6,Big5-1,HK / Hakka note,A,A,,V,V,V,,,,,,,,14,Uncategorized,嗶嘰；象聲嗶嗶 (serge fabric; beep sound)
6559,炅,7085,Big5-2,,A,A,,V,,V,,,,36,,3,,9,,多用於人名 (brightness; names)
5035,哏,054CF,Big5-2,,,,,V,,V,,,,,,,,13,Common word,沒哏 (no punchline / not funny (哏))
5693,黐,09ED0,Big5-2,TW,,B,,V,,V,,,,,,2,,12,Cantonese,黐線 (crazy (Cantonese))
6653,詨,08A68,Big5-1,,A,,,,,,,,,,,,,9,,罕用；文獻偶見 (rare classical graph)
5985,踰,8.00E+30,Big5-2,,A,A,,V,,V,,,,4,,2,,11,,踰越；踰矩 (go beyond; overstep)
5053,圣,5723,Big5-2,,,,,,,,,,,3,,4,,13,Simplified form,聖 (sage / sacred / saintly)
5624,螽,087BD,Big5-2,,B,,,V,V,V,,,,,,2,,12,Flora & fauna,螽斯 (katydid / bush cricket)
5845,櫞,06ADE,Big5-2,TW / Hakka,,,,,,V,,,,1,,2,,11,Flora & fauna,枸櫞 (citron)
5106,摳,6473,Big5-2,TW / Hakka,C,,,V,V,V,,,,,,4,,13,Common word,摳腳 (pick at one's feet)
6352,逑,9011,Big5-2,,A,A,,V,,V,,,,3,,2,,10,,君子好逑 (ideal match — 詩經)
6205,洙,06D19,Big5-2,,A,A,,V,,V,,,,11,,2,,10,,洙泗（儒學典故） (Zhu/Si rivers — Confucian lore)
4112,貘,08C98,Big5-2,,B,,,V,,V,,,,,,2,,14,Uncategorized,貘 (tapir)
5774,婬,05A6C,Big5-2,,,,,V,,V,,,,,,2,,11,,通淫 (illicit sex / adultery (legal/literary))
5677,頫,0982B,Big5-1,,A,,,V,,V,,,,9,,3,,12,,時代力量江冠頫 (NPP politician Chiang Kuan-ting (江冠頫))
5352,鍔,9354,Big5-1,,A,A,,V,,V,,,,2,,1,,13,Science & engineering,刀鍔 (blade guard); fairly common in ACG
6152,搴,6434,Big5-1,,A,,,V,,V,,,,2,,2,,10,,搴旗；拔搴 (pluck up / seize — literary)
6242,瓚,074DA,Big5-1,,A,A,,V,,V,,,,23,,3,,10,,玉瓚；祼瓚 (jade ladle for libation — classical)
6156,撳,064B3,Big5-1,HK / Hakka note,A,,,V,,V,,,,1,,,,10,,撳鈴；撳按鈕 (press — Cantonese/TW)
5619,虻,0867B,Big5-1,HK / Hakka note,A,,,V,,V,,,,,10,1,,12,Flora & fauna,牛虻 (gadfly)
5093,慵,6175,Big5-1,,A,,,V,,V,,,,,,2,,13,Common word,慵懶 (languid / lazy)
5909,竈,07AC8,CJK,Clearer with Taiwanese literacy,,,,,,V,,,,,1,2,,11,,炭治郎 (Tanjiro (Demon Slayer))
10634,狳,072F3,Big5-2,,,,,V,,V,,,,,,4,,3,,犰狳 (armadillo)
6015,隈,9688,Big5-2,,A,,,V,,V,,,,1,22,1,人,11,Japanese,Common Japanese personal / place names
5160,焗,7117,Big5-2,TW / Hakka,B,B,,V,,V,,,,,,,,13,Common word,焗烤 (baked / au gratin)
5987,躥,08EA5,Big5-2,,C,,,V,,V,,,,,,,,11,,躥升；躥紅 (leap up; suddenly become popular)
6990,賻,08CFB,Big5-1,,A,A,,V,,V,,,,,,2,,8,,賻儀；贈賻 (funeral gift money — classical)
5471,幄,5.00E+44,Big5-2,,A,A,,V,,V,,,,1,,2,,12,Common word,運籌帷幄 (devise strategies in the command tent)
5219,粧,07CA7,Big5-2,TW,A,A,,,,V,,,,20,,1,常,13,Variant form,妝 (makeup / adorn)
9594,稉,07A09,CJK,,,,,,,V,,,,,,,,4,,"Suggest adding 「稉」. Dictionaries treat 「粳」 as standard and 「稉」 as variant, but Taiwan academia prefers 「稉」 (e.g. 台稉 varieties). Missing glyph causes 「梗」 substitutions."
5309,貔,08C94,Big5-2,,,,,V,,V,,,,,,2,,13,Flora & fauna,貔貅; same as previous
5587,罣,07F63,Big5-2,,C,,,V,,V,,,,,,4,,12,Common word,罣礙 (hindrance (Buddhist))
2065,棻,068FB,Big5-1,,A,,,V,,V,,,,713,,4,,14,Uncategorized,多用於人名 (fragrant wood; names)
7373,蚰,086B0,Big5-2,,,,,V,,V,,,,,,2,,7,,蚰蜒 (house centipede)
4911,鰹,09C39,Big5-2,,A,,,V,,V,,,,,,1,,14,Uncategorized,鰹魚 (skipjack tuna)
6603,絜,07D5C,Big5-2,,C,,,V,,V,,,,556,,3,,9,Surname / personal name,潔／絜古典；廉絜 (classical graph related to pure/measure)
5922,糶,07CF6,Big5-2,TW / Hakka,C,,,V,,V,,,,,,2,,11,Taiwanese (Hokkien),糶米 (sell rice (糶))
6388,騵,09A35,Big5-1,,A,,,V,,V,,,,16,,,,10,,赤騵；駿馬名 (chestnut horse — classical)
5358,鎰,093B0,Big5-1,,A,A,,V,,V,,1,,169,,2,,13,Occasionally used,Ancient weight: 20 or 24 taels = one 鎰. E.g. 黃金百鎰
5428,叶,053F6,CJK,,,,,,,V,,,4,,,1,人,12,Variant form,Japanese “realize”; or simplified 葉 / variant of 協
1729,撂,6482,Big5-2,HK / Hakka note,A,,,V,,V,,,,,,,,14,Uncategorized,撂下；撂挑子 (put down; throw up one’s job)
5507,棱,068F1,Big5-2,,A,A,,V,,V,,,,35,,3,,12,Surname / personal name,棱角；模棱 (edge/angle; equivocal) — often 稜
6470,崚,05D1A,Big5-2,,B,B,,V,,V,,1,,12,,2,人,9,,崚嶒；多用於名 (rugged peaks; names)
5201,确,0786E,Big5-2,HK / Hakka note,,,,V,,V,,,,,,3,,13,Variant form,確 (certain / solid)
5975,諗,08AD7,Big5-2,,,B,,V,,V,,,,15,,4,,11,,粵語「諗」＝想；諫諗 (Cantonese “think”; admonish classical)
6138,戽,0623D,Big5-2,TW / Hakka,B,,,V,,V,,,,,,,,10,,戽斗；戽水 (bailing bucket; scoop water)
2526,烯,070EF,Big5-1,,A,A,,V,V,V,,,,,,,,14,Uncategorized,乙烯 (ethylene)
1902,暘,6698,Big5-1,,A,A,,V,,V,,,,511,,2,,14,Uncategorized,暘谷；朝暘 (mythic sunrise valley; morning sun)
393,劭,052AD,Big5-2,,B,,,V,V,V,,,,1232,,2,,14,Uncategorized,年高德劭 (admirable virtue with age)
5291,蠑,8811,Big5-2,,C,,,V,,V,,,,,,2,,13,Flora & fauna,蠑螈 (salamander / newt)
122,体,04F53,Big5-2,,A,,,V,,V,,,,,,1,常,14,Uncategorized,体／體；本体 (body — simplified/JP form of 體)
5483,慳,6173,Big5-2,TW,B,B,,V,,V,,,,1,,2,,12,Cantonese,慳吝；粵語「慳」 (stingy; Cantonese “save/economize”)
6033,鰂,09C02,CJK,,,,,,,V,,,,,,,,11,,墨鰂 (cuttlefish)
6329,訏,08A0F,Big5-1,,A,,,V,,V,,,,,,,,10,,訏謨；大訏 (great plans — classical)
5847,欷,06B37,Big5-2,,C,,,V,,V,,,,,,2,,11,,欷吁 (sigh / sob)
6110,奭,0596D,Big5-1,,A,A,,V,,V,,,,28,,3,,10,,姓氏；赫奭 (surname; majestic classical)
5831,椽,0693D,Big5-2,,A,A,,V,,V,,,,9,,2,,11,Occasionally used,屋椽 (rafter)
5622,蝎,0874E,Big5-2,,A,A,,V,,V,,,,,,2,,12,Variant form,蠍 (scorpion)
2245,汶,06C76,Big5-1,HK / Hakka note,A,A,,V,,V,,2,1,1691,91,3,,14,Uncategorized,汶川；汶水 (Wenchuan; Wen River)
5124,楣,6963,Big5-1,TW / Hakka,A,A,,V,V,V,,,,50,,3,,13,Common word,光耀門楣 (bring honor to the family)
6283,繒,7.00E+52,Big5-1,,A,A,,V,,V,,,,,,3,,10,,綺繒；繒帛 (silk fabrics — classical)
5108,擤,6.40E+05,Big5-2,TW / Hakka,B,,,V,V,V,,,,,,4,,13,Common word,擤鼻涕 (blow one's nose)
6982,誧,08AA7,Big5-1,,A,,,,,,,,,,,3,,8,,大誧；罕用 (rare classical)
5568,礡,7921,Big5-2,,B,B,,,,,,,,1,,,,12,Variant form,礴; Big5 mis-encoded this character
6817,嬡,05B21,Big5-2,,C,,,V,,V,,,,39,,,,8,,令嬡 (your daughter (honorific))
6971,螅,8785,Big5-2,,B,,,V,,V,,,,,,,,8,,水螅 (hydra)
5285,螈,8788,Big5-2,,C,,,V,,V,,,,,,3,,13,Flora & fauna,蠑螈 (salamander / newt)
5840,槻,069FB,Big5-2,,,A,,,,V,,,,2,11,1,人,11,Japanese,日語「槻」樹名／人名 (JP zelkova-related name graph)
6958,芣,082A3,Big5-1,,A,,,V,,V,,,,,,3,,8,,采采芣苢（詩經） (plantago in Zhou Nan ode)
5559,癤,7664,Big5-2,,A,A,,V,V,V,,,,,,3,,12,Science & engineering,節癤 (boil / furuncle (癤))
5385,鯰,09BF0,Big5-2,TW,B,,,V,,V,,,,,,2,,13,Common word,鯰魚 (catfish)
2368,温,6.00E+29,CJK,,,,,,,V,,10,42016,57,,1,常,14,Uncategorized,温／溫 (warm — variant/simplified form)
7336,綹,07DB9,Big5-2,TW / Hakka,,,,V,,V,,,,,,,,7,,一綹頭髮 (a lock of hair)
6684,鉼,0927C,Big5-1,TW,A,A,,V,,V,,,,,,4,,9,,金鉼；餅狀金 (gold cake/ingot — classical)
5759,埒,057D2,Big5-2,TW,B,,,V,,V,,1,,,,2,,11,Taiwanese (Hokkien),相埒；馬埒 (equal; horse track — classical)
6219,炔,7094,Big5-2,,A,,,V,,V,,,,,,,,10,,乙炔 (acetylene)
5728,叁,053C1,CJK,,,A,,,,,,,,,,,,11,Common word,大寫數字三 (formal numeral for three)
5630,訾,08A3E,Big5-1,,A,,,V,,V,,,92,7,,4,,12,,訾議；姓氏 (criticize; surname)
5254,苡,8.20E+02,Big5-2,,A,A,,V,,V,,,18,757,,2,,13,Surname / personal name,薏苡 (job’s tears)
6454,堠,5820,Big5-1,,A,,,V,,V,,,,,,4,,9,,亭堠；烽堠 (beacon mound — classical)
5118,杪,0676A,Big5-1,,A,A,,V,,V,,,,1,,2,,13,Variant form,"渺; also tip/end of something, e.g. 「樹杪」"
5119,桁,6841,Big5-1,HK / Hakka note,A,A,,V,,V,,,,10,,1,常,13,Common word,桁木、桁條 (beam / purlin (桁))
6820,孌,05B4C,Big5-2,,B,B,,V,,V,,,,1,,4,,8,,孌童；美孌 (fair youth — classical; careful tone)
5654,醚,0919A,Big5-2,,A,,,V,,V,,,,,,,,12,Science & engineering,乙醚 (ether (diethyl ether))
5073,峴,05CF4,Big5-1,,A,A,,V,,V,,,,10,54,3,,13,World place name,"Da Nang (峴港, Vietnam)"
7986,覡,089A1,Big5-2,HK / Hakka note,,A,,V,,V,,,,,,2,,6,,巫覡: people said to use supernatural power
6344,蹓,8.00E+53,Big5-2,TW,B,,,V,,V,,,,,,,,10,,蹓躂／遛達 (stroll)
5496,昵,6635,Big5-2,,,,,V,,V,,,,31,,2,,12,Variant form,暱 (intimate / nickname-related)
5966,褊,0890A,Big5-1,,A,,,V,,V,,,,,,2,,11,,褊狹；衣褊 (narrow-minded; tight clothes — literary)
6055,倜,0501C,Big5-2,,A,A,,V,,V,,,,3,,4,,10,,風流倜儻 (debonair / romantic and unrestrained)
5455,塋,0584B,Big5-1,,A,A,,V,,V,,,,1,,2,,12,Surname / personal name,墳塋；塋地 (graveyard)
6231,燔,071D4,Big5-2,,,A,,V,,V,,,,2,,2,,10,,燔燒；燔炙 (burn as sacrifice / roast)
5379,鬣,09B23,Big5-1,,A,,,V,,V,,,,,,2,,13,Flora & fauna,鬣犬 (hyena)
6194,櫪,06AEA,Big5-2,,C,,,V,,V,,,,9,,2,,10,,老驥伏櫪 (manger — “old steed in the stable”)
6764,僩,5.00E+10,Big5-1,,A,,,V,,V,,,,7,,4,,8,,寬綽僩然；人名偶見 (martial dignified — classical; names)
5122,椏,0690F,Big5-2,TW / Hakka,B,,,V,V,V,,,,11,,2,,13,Common word,枝椏 (branches and forks)
6805,埭,057ED,Big5-2,,B,,,V,,V,,,,,,3,,8,,堰埭；地名「埭」 (dam/weir; place names)
6693,鐧,9427,CJK,,B,,,,,V,,,,,,,,9,,殺手鐧 (trump card / ace in the hole)
5518,氰,06C30,Big5-2,,A,A,,V,,V,,,,,,,,12,Science & engineering,劇毒氰化鉀 (highly toxic potassium cyanide)
5024,党,0515A,Big5-2,,,,,V,,V,,,54,2,,1,常,13,Variant form,黨 (party / faction)
5197,着,7740,CJK,TW,,A,,,,,,,,,10,1,常,13,Variant form,著 (wear / touch / particle)
6713,魽,09B7D,Big5-2,TW,C,,,,,,,,,,,,,9,,魚名／罕用 (rare fish graph)
7036,韉,097C9,Big5-1,,A,,,V,,V,,,,,,3,,8,,鞍韉 (saddle blanket — classical)
1708,搥,6425,Big5-2,,B,,,V,V,V,,,,,,4,,14,Uncategorized,搥打；搥背 (beat / pound; massage back) — 捶
5262,莧,083A7,Big5-1,TW / Hakka,A,,,V,,V,,,,1,,3,,13,Flora & fauna,莧菜 (amaranth greens)
5362,鑷,9477,Big5-1,,A,,,V,,V,,,,,,2,,13,Common word,鑷子 (tweezers / forceps)
5069,孃,05B43,Big5-1,,A,A,,V,,V,,,,10,,2,人,13,Common word,舞孃 (dancing girl / cabaret dancer)
6725,鱇,09C47,CJK,,A,A,,,,V,,,,,,2,,9,,鮟鱇魚 (monkfish / anglerfish)
4942,鶇,09D87,Big5-2,,C,,,,V,,,,,,,2,,14,Uncategorized,烏鶇 (blackbird/thrush)
5687,鰆,09C06,Big5-2,,B,,,,,,,,,,,2,,12,,鰆魚 (Spanish mackerel)
5477,忻,05FFB,Big5-2,,A,A,,V,,V,,,374,584,,2,,12,Common word,忻然 (joyfully)
5041,嗩,5.50E+10,Big5-2,,B,B,,V,,V,,,,,,4,,13,Common word,嗩吶 (suona (Chinese reed horn))
5872,滎,06ECE,Big5-2,,A,A,,V,,V,,,,24,,3,,11,Common in naming,滎陽；滎經 (Xingyang; place names)
6611,纈,7.00E+88,Big5-2,,,,,V,,V,,,,5,,2,,9,,紅纈；纈草？ (tie-dye pattern classical; also valerian in some modern uses)
7248,氂,06C02,Big5-2,,,,,V,,V,,,,,,4,,7,,氂牛、犛牛 (yak)
5862,洫,06D2B,Big5-1,,A,,,V,,V,,,,,,2,,11,Classical Chinese,溝洫 (field drainage ditch — classical)
6353,遝,0905D,Big5-1,,A,A,,V,,V,,,,,,4,,10,,雜遝 (crowded and disorderly)
5083,弋,05F0B,Big5-1,,A,A,,V,,V,,,20,60,,2,,13,Common word,巡弋 (patrol (esp. naval/air))
5612,蓼,084FC,Big5-2,HK / Hakka note,,A,,V,,V,,,,6,1,2,,12,Flora & fauna,木天蓼 (silver vine (cat attractant))
5389,鱺,09C7A,Big5-2,TW,C,,,V,,V,,,,,,4,,13,Flora & fauna,鱺魚 (eel (鱺))
5133,气,06C14,Big5-2,,,,,V,,V,,,,,,2,,13,Radical,气／氣；「气」部首 (qi/air — simplified form; radical)
5052,圜,0571C,Big5-2,TW,B,,,V,,V,,,,64,,2,,13,Common word,轉圜、韓圜 (mediate a turnaround; also Korean won (圜))
5641,軫,08EEB,Big5-2,,A,A,,V,,V,,,,50,,2,,12,Common in naming,車軫；痛軫 (carriage board; deep grief — classical)
10556,淝,06DDD,Big5-2,,,,,V,,V,,,,,,3,,3,,淝水之戰 (Battle of Feishui)
534,听,0542C,Big5-1,,A,,,V,,V,,,,27,,2,,14,Uncategorized,听／聽 (hear — simplified form)
8625,盱,076F1,Big5-2,,B,,,V,,V,,,,1,,3,,5,,Suggest adding 「盱」; written form 「盱衡」 is not rare in corpus data.
4808,饋,0994B,Big5-2,TW,A,A,,V,V,V,,,,1,,2,,14,Uncategorized,饋贈；反饋 (present food/gift; feedback)
6835,廡,05EE1,Big5-2,,C,,,V,,V,,,,,,2,,8,,Left/right wings of a traditional siheyuan (四合院)
4231,蹴,8.00E+74,Big5-1,HK / Hakka note,A,A,,V,V,V,,,,,,1,常,14,Uncategorized,蹴鞠；一蹴可幾 (cuju football; accomplish in one kick)
5848,歃,06B43,Big5-2,HK / Hakka note,,,,V,,V,,,,,,2,,11,Common word,歃血為盟 (smear blood and swear an oath)
6106,堝,0581D,Big5-1,,A,,,V,,V,,,,,,2,,10,,坩堝 (crucible)
5268,葆,8446,Big5-1,,A,A,,V,V,V,,2,,113,,2,,13,Surname / personal name,賴士葆 (Lai Shyh-bao)
5581,紈,07D08,Big5-2,,A,A,,V,,V,,,,2,,3,,12,Common word,紈褲子弟 (spoiled rich kid)
5406,佢,04F62,Big5-2,HK / Hakka note,B,B,,V,,,,,,1,,,,12,,Cantonese
5933,臊,081CA,Big5-2,TW / Hakka,B,,,V,,V,,,,,,3,,11,,腥臊；害臊 (rank odor; feel ashamed)
5433,咁,5481,Big5-2,,B,B,,V,,,,,,,,,,12,Taiwanese (Hokkien),Common folk variant of Taiwanese 「敢」 in newspapers
5437,咾,054BE,Big5-2,TW,C,,,,,,,1,,,,2,,12,Common word,咕咾肉 (sweet-and-sour pork (咕咾肉))
6616,肏,0808F,Big5-2,,,,,V,,V,,,,,,,,9,,Vulgar / slang
5286,螯,087AF,Big5-2,,B,,,V,V,V,,,,,,2,,13,Flora & fauna,螯蝦 (crayfish / lobster-like)
6938,籣,07C63,Big5-1,HK / Hakka note,A,,,V,,V,,,,1,,,,8,,箭籣；矢籣 (quiver — classical)
5539,猊,0730A,Big5-2,TW,,A,,V,,V,,,,,,2,,12,Classical Chinese,狻猊 (mythical lion-like beast)
5651,醂,9182,Big5-2,,,,,,,,,,,,,2,,12,Common word,味醂 (mirin (sweet rice wine))
6208,湲,6.00E+72,Big5-1,,A,A,,V,V,V,,,,37,,2,,10,,潺湲 (flowing gently — literary)
5140,洨,06D28,Big5-2,,B,,,V,,V,,,,1,,,,13,Internet slang,豪洨 (vulgar Taiwanese-related slang)
5179,琛,0741B,Big5-1,,A,A,,V,,V,,,,269,8,3,,13,Surname / personal name,瑰琛；多用於人名 (treasure gem; names)
4421,酚,0915A,Big5-2,,A,A,,V,,V,,,,,,,,14,Uncategorized,苯酚 (phenol)
5617,薙,8599,Big5-2,,,,,V,,V,,,,,,1,人,12,Japanese,草薙 (common Japanese ACG personal name)
1919,曩,6.60E+10,Big5-1,,A,,,V,,V,,,2,,,2,,14,Uncategorized,曩昔；曩日 (formerly — literary)
2163,歎,06B4E,Big5-1,TW,A,A,,V,V,V,,,,2,,1,人,14,Uncategorized,感歎；讚歎 (sigh; admire) — 嘆
7956,蚺,086BA,Big5-2,,,,,V,,,,,,,,,,6,,森蚺、蚺科 (anaconda; Boidae)
6473,嵙,05D59,Big5-2,TW,C,,,V,,,,1,,4,,,,9,,大嵙崁溪 (Dakekan River (Taoyuan))
673,喵,055B5,Big5-2,,B,,,V,V,V,,,,,,,,14,Uncategorized,喵（貓叫） (meow)
8264,呣,5463,Big5-2,,,,,,,,,,,,,,,5,,Various onomatopoeia
7016,鋦,9.20E+07,Big5-2,,,,,,,V,,,,,,,,8,,鋦瓷 (staple-repair porcelain)
5958,蛸,086F8,Big5-2,,A,,,V,,V,,,,,,1,,11,,螵蛸；海蛸類 (mantis egg case; octopus-related)
1859,昇,6607,Big5-1,TW / Hakka,A,A,,V,V,V,,40,,4448,1,1,常,14,Uncategorized,昇起；昇華 (rise; sublimate) — often 升
7475,鶼,09DBC,Big5-2,,C,,,V,,V,,,,,,3,,7,,鶼鰈情深 (deep conjugal affection (legendary birds/fish pair))
5295,覷,089B7,Big5-2,,B,B,,V,V,V,,,,,,4,,13,Common word,面面相覷 (look at each other in dismay)
5025,円,5186,CJK,,,A,,,,,,,,,,1,常,13,Japanese,Currency; = 圓
5914,筌,07B4C,Big5-2,,A,A,,V,,V,,,,275,,2,,11,,得魚忘筌 (fish trap — Zhuangzi)
8709,粨,07CA8,Big5-2,,,,,,,,,,,2,,2,,5,,阿粨 (Indigenous millet sticky-rice dumpling)
5519,沆,06C86,Big5-1,,A,A,,V,,V,,,,5,,3,,12,Common word,沆瀣一氣 (hand in glove / collude)
3664,菇,083C7,Big5-2,TW / Hakka,A,A,,V,V,V,,,,1,10,3,,14,Uncategorized,香菇；蘑菇 (shiitake; mushroom)
6676,鄴,9134,Big5-1,,A,,,V,,V,,,,7,,3,,9,,鄴城 (Ye city — historical capital)
6648,褕,8915,Big5-1,,A,,,V,,V,,,,20,,,,9,,襜褕 (short overcoat — classical)
6874,桄,6844,Big5-2,,B,B,,V,,V,,,,12,10,4,,8,,桄榔 (sugar palm / arenga)
6071,勣,5.20E+04,Big5-1,,A,A,,V,,V,,,,7,,2,,10,,功勣／功績異體；人名 (merit; names)
5473,廾,05EFE,Big5-1,,A,,,V,,V,,,3,,,2,,12,Radical,廾部；拱手本形相關 (radical 55 “two hands”)
5278,藷,085F7,Big5-1,,A,A,,V,V,V,,,,,,1,,13,Variant form,薯; but 甘藷 is not written with 薯
5552,疔,7594,Big5-2,TW,,,,V,,V,,,,,,2,,12,Occasionally used,疔瘡 (boil / furuncle)
2240,污,06C61,Big5-1,TW / Hakka,A,A,,V,V,,,,,,,,,14,Uncategorized,污染；貪污 (pollute; corrupt) — 汙
5802,愫,0612B,Big5-2,,B,B,,V,,V,,,,16,,3,,11,Common word,情愫 (affection / feelings)
5121,梏,0688F,Big5-2,,A,A,,V,,V,,,,,,2,,13,Binome / fixed compound,桎梏 (shackles / fetters)
6999,轤,08F64,Big5-2,,C,,,V,,V,,,,,,2,,8,,轆轤 (well pulley / windlass)
5828,梠,068A0,Big5-2,,B,,,,,V,,,,,,2,,11,Classical Chinese,簷梠 (eaves — classical)
6215,瀞,0701E,CJK,,A,A,,,,,,,,1029,10,1,,10,Surname / personal name,日語「瀞」；深瀞 (JP deep still water name graph)
6165,旼,065FC,Big5-2,,A,A,,V,,V,,,,73,,4,,10,,多用於人名 (gentle brightness; names)
6339,趖,08D96,Big5-2,TW / Hakka,C,,,,,,,,,,,,,10,,台語「趖」＝溜／跑 (TW Hokkien: move/slip away)
5844,檮,06AAE,Big5-1,,A,,,V,,V,,,,,1,2,,11,Classical Chinese,檮杌 (Taowu — one of Four Perils)
6755,仵,04EF5,Big5-2,TW,,,,V,,V,,,37,,,4,,8,Classical Chinese,仵作 (coroner / forensic examiner)
6345,躕,8.00E+95,Big5-2,,C,,,V,,V,,,,,,,,10,,踟躕 (hesitate / linger)
5034,咲,054B2,CJK,,,,,,,,,,,,,1,常,13,Japanese,Blooming; also personal names
6282,繇,7.00E+47,Big5-2,,A,A,,V,,V,,,,1,,3,,10,,繇於；占繇 (from/by — classical; oracle text)
5447,嘜,0561C,Big5-2,,B,B,,V,,,,,,,,,,12,Onomatopoeia,Common onomatopoeia; folk variant of Taiwanese 「莫」
5734,唑,5511,Big5-2,,,,,V,,,,,,,,,,11,Science & engineering,Zolpidem (唑吡坦); common sleeping-pill ingredient
6907,狻,072FB,Big5-2,,,,,V,,V,,,,,,3,,8,,狻猊 (mythical lion-like beast)
6086,嗉,055C9,Big5-1,,A,,,V,,V,,,,,,4,,10,,鳥嗉；嗉囊 (bird’s crop)
5051,圇,5707,Big5-2,TW,C,,,V,V,V,,,,,,,,13,Common word,囫圇吞棗 (swallow dates whole — accept without digesting)
6011,閾,095BE,Big5-2,,,,,V,,V,,,,,,2,,11,,門閾；視閾 (threshold; sensory threshold)
5900,皙,7699,Big5-2,,B,,,V,,V,,,,20,,2,,11,,皙白 (fair-skinned)
594,哆,054C6,Big5-2,TW / Hakka,A,A,,V,,V,,,,,,3,,14,Uncategorized,哆嗦；哆口 (shiver; open mouth wide)
5163,煖,7156,Big5-1,,A,A,,V,,V,,,,51,,2,,13,Variant form,暖 (warm)
5572,稞,07A1E,Big5-1,,A,,,V,V,V,,,,,,4,,12,Food,青稞 (highland barley)
2996,碴,078B4,Big5-2,,A,,,V,,V,,,,,,,,14,Uncategorized,找碴；冰碴 (pick a quarrel; ice shards)
5070,宕,05B95,Big5-2,TW / Hakka,A,A,,V,V,V,,,,1,20,1,人,13,Common word,延宕 (delay / procrastinate)
6237,珅,073C5,Big5-2,,B,,,V,,,,,,27,,4,,10,,和珅；人名 (Heshen — Qing official; names)
5213,箬,07BAC,Big5-2,TW,C,,,V,V,V,,,,1,,,,13,Variant form,篛 (young bamboo leaves (for wrapping))
1394,恒,6052,Big5-2,,A,A,,,,V,,13,7,829,,1,常,14,Uncategorized,恒久；永恒 (constant; eternal) — 恆
6285,繙,7.00E+59,Big5-1,,A,,,V,,V,,,,1,,2,,10,,繙譯／翻譯異體；繙閱 (translate; flip through — classical)
5534,煊,0714A,CJK,,A,A,,,,,,,,128,,4,,12,Surname / personal name,王建煊 (Wang Chien-shien)
5616,蕤,8564,Big5-2,,B,,,V,,V,,,,2,,3,,12,Flora & fauna,葳蕤；花蕤 (lush vegetation; flower stamens — literary)
3132,笈,07B08,Big5-2,TW,A,A,,V,,V,,,,9,,1,人,14,Uncategorized,負笈；書笈 (study abroad with book box; book chest)
6245,畑,7551,CJK,,A,A,,,,,,1,,,2,1,常,10,Japanese,Common in personal / place names
6360,酯,0916F,Big5-2,,B,B,,V,,V,,,,,,,,10,,酯 (ester)
6022,饈,9948,Big5-2,,C,,,V,V,V,,,,,,,,11,,珍饈 (delicacies)
6037,鳧,09CE7,Big5-2,,A,A,,V,,V,,,,,,2,,11,,鳧水 (swim)
5464,宓,05B93,Big5-2,,A,A,,V,,V,,,169,149,,3,,12,Surname / personal name,宓妃；姓氏 (Fu Consort — Luo goddess; surname)
6519,昉,6609,Big5-2,,A,A,,V,,V,,,,73,,3,,9,,昉於；起始 (begin from — classical)
5545,珺,073FA,Big5-2,,B,,,,,,,,,800,,4,,12,Surname / personal name,珺珺 (personal / brand-like name (珺))
5830,椋,0690B,Big5-2,,A,,,,,,,,,,,1,人,11,Flora & fauna,椋鳥 (starling)
5269,葭,0846D,Big5-1,,A,,,V,,V,,,,44,,2,,13,Surname / personal name,蒹葭 (reeds)
5434,咏,0548F,CJK,Hakka example,A,A,,,,V,,,,170,,2,,12,Surname / personal name,Variant form note: 詠的異體，但常見於人名
5060,妲,059B2,Big5-2,TW / Hakka,B,,,V,,V,,,20,7,,2,,13,Historical / geographic,妲己 (Daji (consort of King Zhou))
6307,蔆,8506,Big5-1,,A,,,V,,,,,,61,,2,,10,,蔆角／菱角 (water caltrop)
5506,梘,6898,CJK,TW,,B,,,,,,2,,,,4,,12,Taiwan place name,梘頭 Park; old name of Jingmei (梘尾)
6331,誆,08A86,Big5-2,,C,,,V,,V,,,,,,,,10,,誆騙 (swindle / deceive)
6026,鬩,09B29,Big5-2,,B,,,V,,V,,,,,,2,,11,,兄弟鬩牆 (siblings quarrel within walls)
6044,黹,09EF9,Big5-2,TW,,,,V,,V,,,,1,,2,,11,Taiwanese (Hokkien),針黹；縫黹 (needlework)
6627,膕,8195,Big5-2,HK / Hakka note,,,,V,,,,,,,,2,,9,,膕肌 (popliteus muscle)
5325,遶,9076,Big5-2,HK / Hakka note,C,,,V,,V,,1,,,,2,,13,Common word,媽祖遶境 (Mazu pilgrimage / procession)
5072,峇,05CC7,Big5-2,TW,B,B,,V,V,,,,,,183,2,,13,World place name,Bali (峇里島; common SE-Asia transliteration)
5489,揶,063F6,Big5-2,,A,A,,V,,V,,,,,,2,,12,Common word,揶揄 (tease / ridicule)
5105,摁,6441,Big5-2,TW,B,,,V,,V,,,,,,,,13,Internet slang,Common internet interjection
5645,邰,090B0,Big5-2,,A,A,,V,,V,,,169,19,,4,,12,Surname / personal name,邰智源 (personal name (邰智源))
5772,姝,059DD,Big5-2,,A,A,,V,,V,,,,465,,3,,11,Common word,雙姝 (two beauties)
5155,瀧,7027,Big5-2,TW,A,A,,V,,V,,8,,67,3,1,人,13,Surname / personal name,有一大卡車叫瀧的店 (a big truck shop named 瀧)
6122,屣,05C63,Big5-2,,C,,,V,,V,,,,,,4,,10,,敝屣；遠走高飛若棄屣 (straw sandals; cast away like worn shoes)
6888,泖,06CD6,Big5-1,,A,,,V,,V,,,,1,,4,,8,,泖湖；三泖 (Mao lakes — Jiangnan)
6632,荇,8347,Big5-2,TW,A,A,,V,,V,,,,1,,3,,9,,荇菜 (water plant in 詩經)
5338,醴,091B4,Big5-1,TW,A,A,,V,,V,,,,7,1,2,,13,Uncategorized,甜酒意; common in company names
5694,黥,09EE5,Big5-2,,B,,,V,,V,,,,,,2,,12,Geography / society,黥面 (tattoo the face (punishment / marking))
1641,捌,0634C,Big5-1,TW,A,A,,V,V,V,,,,,,1,,14,Uncategorized,捌（大寫八） (formal numeral eight)
5576,篳,07BF3,Big5-2,,B,,,V,,V,,,,1,,2,,12,Common word,篳路藍縷 (blaze a trail in hardship)
5370,頜,0981C,Big5-1,,A,A,,V,,V,,,,,,,,13,Science & engineering,Jaw tissues are called 「頜」 (upper/lower jaw).
5264,菖,083D6,Big5-2,TW,A,A,,V,V,V,,,,152,,1,人,13,Flora & fauna,菖蒲 (calamus / sweet flag)
5838,槤,6.90E+05,Big5-2,TW / Hakka,B,B,,V,,V,,,,1,,,,11,Flora & fauna,榴槤 (durian)
10917,艏,0824F,Big5-2,,C,,,V,,V,,,,1,,4,,3,,艦艏 (bow of a ship)
5809,揠,6.30E+01,Big5-2,,B,,,V,V,V,,,,,,4,,11,,揠苗助長 (pull seedlings to help them grow — spoil by impatience)
5532,炆,7086,Big5-2,HK / Hakka note,B,B,,,,,,,,6,,4,,12,,A cooking method; also used in company naming
6257,磧,7.80E+08,Big5-1,,A,,,V,,V,,,,,,2,,10,,砂磧；沙漠磧 (gravel desert)
6875,梡,068A1,Big5-1,,A,A,,V,,V,,,,,,,,8,,梡俎 (chopping block — classical ritual)
6967,蘅,8605,Big5-2,,B,,,V,,V,,,,35,,3,,8,,杜蘅；芳名用 (Asarum; name element)
5271,蒡,084A1,Big5-2,TW,A,A,,V,,V,,,,,,2,,13,Flora & fauna,牛蒡 (burdock)
6034,鱟,09C5F,Big5-1,TW,A,,,V,,V,,,,,,4,,11,,鱟 (horseshoe crab)
5905,祓,7953,Big5-2,,,,,V,,V,,,,1,,2,,11,,祓除；祓禊 (ritual purification)
5116,机,0673A,Big5-2,,A,A,,V,,V,,,597,25,,1,常,13,Variant form,Common simplified/Japanese form of 機
5927,繾,07E7E,Big5-2,,C,,,V,,V,,,,,,4,,11,,繾綣 (deep attachment)
468,厘,5398,Big5-2,TW,A,A,,,V,V,,1,,1,,1,常,14,Uncategorized,厘米；厘金 (centimeter; likin tax) — often 釐
6222,烴,070F4,Big5-2,,C,,,V,,V,,,,,,,,10,,"Hydrocarbons (烴, ㄊㄧㄥ)"
6774,劻,052BB,Big5-1,,A,,,,,V,,,,13,,4,,8,,劻勷 (urgent assist — classical rare)
5135,汎,06C4E,Big5-1,,A,A,,V,,V,,1,,435,6,1,常,13,Common word,汎德永業 (company name (汎德永業))
6582,矬,077EC,Big5-2,,,,,V,,V,,,,,,4,,9,,hen ㄘㄨㄛˊ
6573,畎,0754E,Big5-1,,A,,,V,,V,,,,,,4,,9,,畎畝 (field furrows — classical)
9891,鴴,09D34,CJK,,,,,,,,,,,,,,,4,,高蹺鴴 (stilt (bird))
5668,鐙,9419,Big5-2,,A,,,V,,V,,,,92,,1,,12,Common in naming,馬鐙；燈鐙 (stirrup; lamp — classical)
5175,珉,073C9,CJK,,A,A,,,,V,,,,674,,3,,13,Surname / personal name,珉玉；多用於人名 (stone like jade; names)
5981,贔,08D14,Big5-2,,B,,,V,,V,,,,3,,2,,11,,贔屭 (bixi stone-tortoise)
6131,悛,0609B,Big5-2,,A,A,,V,,V,,,,1,,2,,10,,怙惡不悛 (refuse to repent)
7240,欏,06B0F,Big5-2,,,,,,,,,,,,,4,,7,,桫欏、筆筒樹 (Cyathea / Taiwan tree fern)
6680,釹,091F9,Big5-2,,,,,V,,V,,,,,,,,9,,釹鐵棚 (NdFeB (neodymium magnet related))
5235,縹,7.00E+39,Big5-1,,A,,,V,,V,,,,1,,2,,13,Common word,縹緲 (ethereal / indistinct)
5606,茯,0832F,Big5-2,TW / Hakka,A,A,,V,,V,,,,2,,2,,12,Common word,Poria / 茯苓 (Chinese medicine)
6793,唵,5535,Big5-2,,,A,,V,,V,,,,,,3,,8,,唵嘛呢叭咪吽 (Om Mani Padme Hum)
5804,懃,061C3,Big5-2,,A,A,,V,,V,,,,31,,2,,11,,殷懃／殷勤異體 (attentive solicitous)
5357,鎬,093AC,Big5-1,,A,A,,V,,V,,,,62,,2,,13,Common word,十字鎬 (pickaxe)
6791,哖,054D6,Big5-2,TW,C,,,V,,V,,2,99,14,,,,8,,噍吧哖事件 (Tapani Incident (1915 Taiwan))
5543,獠,7360,Big5-2,TW,B,,,V,,V,,,,,,,,12,Common word,獠牙 (fang / tusk)
5123,椿,0693F,Big5-2,,A,A,,V,,V,,1,2,99,,1,人,13,Common word,香椿 (Chinese toon (edible shoots))
5153,濮,06FEE,Big5-1,,A,,,V,,V,,,322,34,,2,,13,China place name,"山東省濮縣 (Pu County, Shandong)"
5260,荳,8373,Big5-2,TW,A,A,,V,V,V,,9,,4,1,2,,13,Common word,荳蔻年華 (teenage girlhood / youth)
6039,鶚,09D9A,Big5-2,,C,,,V,,V,,,,,,2,,11,,魚鶚／鶚 (osprey)
5336,醛,0919B,Big5-2,,A,A,,V,,V,,,,,,,,13,Science & engineering,甲醛 (formaldehyde)
6359,酎,0914E,Big5-2,,A,A,,V,,V,,,,,,1,常,10,,酎金；三酎 (triple-fermented wine — classical)
5867,湎,06E4E,Big5-1,,A,,,V,,V,,,,,,2,,11,Occasionally used,沉湎 (wallow / be immersed in)
3411,耋,0800B,Big5-1,,A,,,V,,V,,,,1,,2,,14,Uncategorized,耄耋 (octogenarian old age)
2136,檯,06AAF,Big5-1,TW / Hakka,A,A,,V,V,V,,,,,,,,14,Uncategorized,櫃檯；檯面 (counter; tabletop) — 臺
3700,葳,8473,Big5-2,,B,,,V,,V,,,3,969,,3,,14,Uncategorized,葳蕤；人名常用 (lush; names)
5982,赶,08D76,Big5-2,,,,,V,,V,,,,,,,,11,,赶／趕 (hurry — simplified form)
5307,豊,08C4A,Big5-2,,A,A,,,V,V,,21,192,158,11,1,常,13,Surname / personal name,Common in personal names
3355,罌,07F4C,Big5-1,,A,A,,V,V,V,,,,1,,2,,14,Uncategorized,罌粟；瓶罌 (poppy; vase — literary)
5971,觔,089D4,Big5-1,HK / Hakka note,A,,,V,V,V,,,,,,3,,11,,觔斗／筋斗；出力觔 (somersault; strength — variant of 筋)
5968,褡,8921,Big5-1,HK / Hakka note,A,,,V,,V,,,,,,,,11,,被褡；背褡 (cloth wrapper / sleeveless jacket)
5505,栢,6822,CJK,,A,A,,,,V,,,475,181,,1,,12,Surname / personal name,栢／柏；人名地名 (variant of 柏)
5274,薊,0858A,Big5-1,,A,,,V,,V,,,,,,2,,13,Flora & fauna,"菊科薊屬 (Asteraceae, Cirsium (thistles))"
5605,苷,082F7,CJK,,B,,,,,V,,,,,,4,,12,Common word,核苷酸 (nucleotide)
5749,噘,5658,Big5-2,,B,,,V,,V,,,,,,,,11,Common word,噘嘴 (pout)
7866,糌,07CCC,Big5-2,,,,,V,,V,,,,,,,,6,,糌粑 (tsampa (roasted barley flour))
5250,艸,8278,Big5-2,,,A,,V,,V,,,,,,2,,13,Radical,艸部／草字頭 (radical 140 “grass”)
6111,奼,0597C,Big5-2,,C,,,V,V,V,,,,,,4,,10,,Suggest adding 「奼」 to the basic set; e.g. 「奼紫嫣紅」. Also in elementary dictionaries.
5626,衹,8879,Big5-1,,A,,,V,,V,,,,,,,,12,Common in naming,Religion-related
5600,膘,8198,Big5-1,HK / Hakka note,A,A,,V,,V,,,,,,4,,12,Food,長膘；肉膘 (put on fat; fat layer on meat)
5801,恂,6042,Big5-2,TW,A,A,,V,,V,,,,74,,2,,11,,恂恂；恂慄 (sincere deferential; tremble — classical)
5709,侘,04F98,Big5-2,,,A,,V,,V,,,,,,2,,11,Japanese,侘寂 (wabi-sabi (Japanese aesthetic))
5475,忤,05FE4,Big5-2,TW / Hakka,B,,,V,,V,,,,,,2,,12,Common word,忤逆 (disobedient (to parents))
4465,鈑,9211,Big5-1,,A,A,,V,,V,,,,,,2,,14,Uncategorized,金屬鈑；鈑金 (metal plate; sheet-metal work)
5609,萩,8429,Big5-2,,A,A,,V,,V,,,,228,2,1,人,12,World place name,Common in personal names & Japanese place names
6391,髑,09AD1,Big5-1,,A,,,V,,V,,,,,1,2,,10,,髑髏 (skull)
6354,遯,0906F,Big5-2,,,A,,V,,V,,,,,,2,,10,,易經六十四卦 (64 hexagrams of the I Ching)
5902,睢,7762,Big5-1,,A,,,V,,V,,,13,1,,3,,11,Historical / geographic,恣睢；睢縣 (reckless; Sui County)
5039,嗒,055D2,Big5-2,HK / Hakka note,B,B,,V,,V,,,,,,4,,13,Onomatopoeia,嗒嗒的馬蹄、機關槍嗒嗒嗒 (clatter of hooves / rat-tat of a machine gun)
5870,溟,06E9F,Big5-2,,A,A,,V,,V,,,,1,10,2,,11,Taiwan place name,鯤溟里 (Kunming Borough / place name)
6913,瑗,7457,Big5-2,,A,A,,V,,V,,,,163,,3,,8,,玉瑗；人名 (jade ring; names)
5273,薈,8588,Big5-2,TW,B,B,,V,,V,,,,94,,2,,13,Flora & fauna,蘆薈 (aloe)
7100,俋,04FCB,Big5-2,,C,,,V,,,,,,86,,4,,7,,罕用；文獻偶見 (rare classical)
6962,萁,8401,Big5-2,,C,,,V,,V,,,,48,,3,,8,,傅崐萁、煮豆燃豆萁 (Fu Kun-chi; also “boil beans with beanstalks”)
5150,漉,06F09,Big5-2,TW,A,,,V,V,V,,,,,,1,,13,Common word,濕漉漉 (sopping wet)
5970,覿,089BF,Big5-2,,,,,V,,V,,,,1,,2,,11,,覿面；朝覿 (meet face to face — classical)
5511,槭,069ED,Big5-1,,A,,,V,,V,,,,,,2,,12,Flora & fauna,槭樹；楓槭 (maple / Acer)
5360,鐫,0942B,Big5-1,,A,A,,V,,V,,,,,,2,,13,Common word,鐫石 (engrave on stone)
7018,鎏,0938F,Big5-2,,B,B,,V,,V,,,,1,,4,,8,,鎏金 (fire-gilding / gilt)
5890,璘,7498,Big5-1,,A,A,,V,,V,,,,332,,3,,11,Surname / personal name,璘彬；多用於人名 (luster of jade; names)
5300,諼,08AFC,Big5-1,,A,,,V,,V,,,,48,,4,,13,Surname / personal name,馮諼 (Feng Xuan (historical figure))
5526,淩,06DE9,Big5-2,,C,,,V,,V,,2,35,232,1,4,,12,Variant form,凌 (ice / insult / soar)
5192,痾,075FE,Big5-2,,C,,,V,,V,,,,,,2,,13,Onomatopoeia,沉痾；養痾 (chronic illness; convalesce)
4811,饕,9955,Big5-1,,A,,,V,,V,,,,,,2,,14,Uncategorized,饕餮；老饕 (taotie; gourmet)
116,佈,04F48,Big5-1,TW / Hakka,A,A,,V,V,V,,,6,1,,3,,14,Uncategorized,佈置；公佈 (arrange; announce) — 布
5177,珪,073EA,Big5-1,,A,A,,V,,V,,,,18,,1,,13,Common word,珪藻土 (diatomaceous earth)
6313,蕞,0855E,Big5-1,,A,,,V,,V,,,,,,4,,10,,蕞爾小國 (tiny — literary)
9679,蓪,084EA,Big5-2,TW,C,,,V,,,,,,,,4,,4,,蓪草 (Tetrapanax / rice-paper plant)
3155,箇,07B87,Big5-1,,A,A,,V,,V,,,,1,1,1,常,14,Uncategorized,箇／個；箇中 (piece; therein — classical variant of 個)
5333,酈,9148,Big5-1,,A,,,V,,V,,,208,47,,3,,13,Historical / geographic,Zuozhuan quote: 「公子友帥師敗莒師于酈。」
5136,汴,06C74,Big5-1,TW / Hakka,A,,,V,V,V,,7,3,2,1,3,,13,China place name,黃河支流 (Yellow River tributary)
5089,怦,6026,Big5-2,TW,B,,,V,,V,,,,,,2,,13,Common word,怦然心動 (heart skips a beat)
5849,歛,06B5B,Big5-2,,B,B,,V,,V,,,,,,2,,11,,歛／斂；歛財 (gather/collect — variant of 斂)
3299,緋,07DCB,Big5-2,,A,A,,V,,V,,,,9,,1,人,14,Uncategorized,緋聞；緋紅 (scandal; scarlet)
5088,怜,0601C,Big5-2,,A,A,,,,V,,,,233,,1,人,13,Simplified form,憐; 怜悧 is more often written 伶俐
300,冇,5187,Big5-2,TW / Hakka,B,B,,V,,,,,,,,,,14,Uncategorized,粵語「冇」＝沒有 (Cantonese “not have”)
6675,郾,090FE,Big5-1,,A,,,V,,V,,,,,,4,,9,,郾城 (Yancheng — historical place)
5031,凭,051ED,CJK,,,A,,,,V,,,,38,,2,,13,Variant form,憑 (rely on / evidence)
7534,咈,5488,Big5-2,,,,,V,,V,,,,,,3,,6,,Laughter sound
6949,纘,7.00E+98,Big5-2,,A,A,,V,,V,,1,,4,,4,,8,,纘承；纘緒 (continue an inheritance — classical)
6663,踽,08E3D,Big5-2,,B,,,V,,V,,,,,,3,,9,,踽踽而行 (walk alone)
5061,娉,05A09,Big5-1,TW,A,A,,V,,V,,,,109,,2,,13,Common word,娉婷 (graceful (of a woman))
5510,楝,0695D,Big5-1,TW / Hakka,A,,,V,,V,,1,,1,,2,,12,Flora & fauna,"台南市新市區紫楝路 (Zilian Rd, Xinshi, Tainan)"
10916,艉,8249,Big5-2,,,,,V,,V,,,,,,4,,3,,艦艉 (stern of a ship)
5931,胗,080D7,Big5-2,HK / Hakka note,B,,,V,,V,,,,,,3,,11,Food,雞胗 (gizzard)
5311,跩,08DE9,Big5-2,TW,C,,,V,,V,,,,,,,,13,Common word,跩 (ㄓㄨㄞˇ) (swagger / act cocky (ㄓㄨㄞˇ))
3742,蕎,0854E,Big5-2,TW,A,A,,V,,V,,,,138,,1,人,14,Uncategorized,蕎麥 (buckwheat)
5646,郃,090C3,Big5-1,,A,,,V,,V,,,,6,,4,,12,Common in naming,郃陽；姓氏偶見 (Heyang; rare surname)
5962,蠵,8835,Big5-2,,C,,,V,V,V,,,,,,,,11,,蠵龜 (large sea turtle — classical)
8820,螭,087AD,Big5-2,,C,,,V,,V,,,,,,3,,5,,螭龍 (chi dragon (hornless dragon motif))
6280,縟,07E1F,Big5-2,,A,A,,V,,V,,,,,,2,,10,,繁縟；縟禮 (elaborate; over-elaborate rites)
5508,椪,0692A,Big5-2,TW,C,,,V,,V,,,,,,2,,12,,椪柑 (ponkan mandarin)
5208,窣,07AA3,Big5-2,TW,B,,,V,V,V,,,,,,4,,13,Binome / fixed compound,窸窸窣窣 (rustling sound)
5886,珣,7.30E+04,Big5-2,,A,A,,V,,V,,,,348,,3,,11,Surname / personal name,多用於人名 (jade; names)
5939,莪,083AA,Big5-2,,A,A,,V,,V,,,,3,10,2,,11,,莪蒿 (Artemisia — literary)
5388,鱈,09C48,Big5-2,TW,A,,,V,,V,,,,1,6,1,,13,Flora & fauna,鱈魚 (cod)
5144,涌,06D8C,Big5-1,,A,A,,V,,V,,,,3,,1,,13,Variant form,Same as 湧; common in HK place names (e.g. 東涌)
6950,罍,07F4D,Big5-2,,B,,,V,,V,,,,,,2,,8,,酒罍；樽罍 (large wine jar — classical)
5252,芡,082A1,Big5-2,TW,B,,,V,V,V,,,,2,,3,,13,Common word,勾芡 (thicken with starch)
5404,佘,04F58,Big5-2,TW,B,B,,V,,V,,,3598,224,,4,,12,Surname / personal name,Surname
4212,踪,08E2A,CJK,,,A,,,,V,,,,,,2,常,14,Uncategorized,踪／蹤；追踪 (footprint/trace — simplified of 蹤)
6583,砵,7835,Big5-2,,B,B,,V,,V,,,,,,,,9,,砵酒；砵蘭街 (bowl; also HK place transliteration 砵)
6101,坵,5775,Big5-2,TW / Hakka,A,A,,V,,V,,2,,1,1,4,,10,,烏坵 (Wuqiu (islands))
6031,鯈,09BC8,Big5-1,,A,,,V,,V,,,,,,,,11,,鯈魚 (minnow — Zhuangzi’s fish)
5029,冼,051BC,Big5-2,,B,B,,V,,V,,,521,33,,4,,13,Surname / personal name,Surname; also variant of 洗
5349,鋰,092F0,Big5-1,,A,A,,V,,V,,,,3,,,,13,Flora & fauna,Periodic-table element
6542,氡,06C21,Big5-2,,,,,,,V,,,,,,,,9,,"氡 (radon, Rn)"
6008,鐐,9410,Big5-2,TW / Hakka,B,,,V,,V,,,,,,2,,11,,腳鐐；鐐銬 (fetters / shackles)
6864,敉,6549,Big5-1,,A,,,V,,V,,,,2,,,,8,,敉平 (pacify / quell — classical)
2582,燼,071FC,Big5-1,,A,A,,V,,V,,,,,,2,,14,Uncategorized,餘燼；灰燼 (embers; ashes)
5375,驊,09A4A,Big5-2,,B,B,,V,,V,,,,655,,3,,13,Surname / personal name,驊訊 (Foxconn-related brand name (驊訊))
5682,馗,9997,Big5-2,,B,B,,V,,V,,,,10,,2,,12,Common word,鍾馗 (Zhong Kui (demon queller))
5154,瀘,7018,Big5-1,TW,A,A,,V,,V,,,,,,2,,13,China place name,瀘水 (Lu River / Salween-related name)
5287,蟄,087C4,Big5-2,TW / Hakka,A,A,,V,V,V,,,,,,2,,13,Common word,驚蟄 (Jingzhe — Awakening of Insects (solar term))
6554,澦,06FA6,Big5-1,,A,,,V,,V,,,,1,,,,9,,巴渝／澦水相關地名語境 (place-water classical graph)
5224,紘,07D18,Big5-2,,A,A,,V,,V,,,,880,,1,人,13,Surname / personal name,八紘；冠紘 (cords of a hat; “eight directions” classical)
6118,屄,05C44,Big5-2,TW,,,,V,,V,,,,,,,,10,,粗話字 (vulgar genital slang — handle carefully)
5256,茆,8306,Big5-1,,A,,,V,,V,,,639,31,,2,,13,Flora & fauna,Plant name; also rare surnames
5856,氬,06C2C,Big5-1,,A,,,V,,V,,,,,,,,11,,"氬 (argon, Ar)"
1911,曇,066C7,Big5-1,HK / Hakka note,A,A,,V,,V,,,,37,20,1,常,14,Uncategorized,曇花；彩雲易散琉璃脆／曇 (epiphyllum; fleeting)
1638,捅,6345,Big5-2,TW,A,A,,V,,V,,,,,,,,14,Uncategorized,捅破；捅婁子 (poke through; make a mess)
5092,愍,0610D,Big5-1,TW,A,A,,V,,V,,,,9,,2,,13,Common word,恭愍王 (King Gongmin (Goryeo))
1997,柢,6.70E+03,Big5-1,,A,,,V,V,V,,,,,1,2,,14,Uncategorized,根深柢固 (root — “deep-rooted”)
5520,沓,06C93,Big5-2,TW,A,A,,V,V,V,,,4,1,,1,人,12,Taiwanese (Hokkien),雜沓；拖沓 (crowded mixed; dilatory)
6155,撣,064A3,Big5-2,,,,,V,,V,,,,,1,,,10,,"緬甸撣邦 (Shan State, Myanmar)"
6010,鑭,0946D,Big5-2,,,,,V,,V,,,,,,4,,11,Science & engineering,"鑭 (lanthanum, La)"
5891,瓮,074EE,Big5-2,,,A,,V,,V,,,,,1,2,,11,,甕 (jar / urn)
3338,繳,7.00E+73,Big5-1,TW / Hakka,A,A,,V,V,V,,,5,1,,4,,14,Uncategorized,繳費；上繳 (pay; hand over)
5998,銥,092A5,Big5-2,,C,,,V,,V,,,,8,,,,11,,"銥 (iridium, Ir)"
6590,禛,0799B,Big5-2,,B,B,,,,V,,,,83,,4,,9,,清世宗名「胤禛」；人名 (Qing Yongzheng personal name element)
